CID	SMILES	Input_name	Pubchem_synonym
760	C(=O)C(=O)O	102107-0	Oxoethanoate
760	C(=O)C(=O)O	102109-6	Oxoethanoate
3772977	C1=CC(=C(C=C1[N+](=O)[O-])[N+](=O)[O-])NN	9308-8	2,4-Dnph
439224	C1=C(N=CN1)C[C@@H](C(=O)O)NC(=O)CCN	12474-3	Carnosine
6083	C1=NC(=C2C(=N1)N(C=N2)[C@H]3[C@@H]([C@@H]([C@H](O3)COP(=O)(O)O)O)O)N	11035-3	Adenovite
160666	C1=NC(=C(N1[C@H]2[C@@H]([C@@H]([C@H](O2)COP(=O)(O)O)O)O)N)C(=O)N[C@@H](CC(=O)O)C(=O)O	63553-2	Phosphoribosylaminoimidazolesuccinocarboxamide
173909	C1C(C=CC(C1SCC(C(=O)O)N)(CC(=O)O)O)O	79125-1	Hawkinsin
5917	C1CCC2=NN=NN2CC1	14678-7	Ventrazol
5917	C1CCC2=NN=NN2CC1	14679-5	Ventrazol
5917	C1CCC2=NN=NN2CC1	16667-8	Ventrazol
5917	C1CCC2=NN=NN2CC1	53336-4	Ventrazol
6971047	C1C[C@H]([NH2+]C1)C(=O)[O-]	79626-8	prol
20484	C1[C@H]([C@H]([C@@H]([C@](O1)(CN)O)O)O)O	15069-8	FRUCTOSAMINE
72150	C1C(NC(S1)C(=O)O)C(=O)O	93326-7	Tidiacico
4903	CC(=O)C1CCC2C3CC=C4CC(OS(=O)(=O)O)CCC4(C)C3CCC12C	96291-0	SCHEMBL20503211
6238	CC(=O)[C@]1(CC[C@@H]2[C@@]1(CC[C@H]3[C@H]2CCC4=CC(=O)CC[C@]34C)C)O	101174-1	Gestageno
5312	CC(=O)CC(=O)CCC(=O)O	13813-1	Succinylacetone
31402	CC(=O)[C@H]1CC[C@H]2[C@@H]3CC[C@@H]4C[C@H](O)CC[C@]4(C)[C@H]3CC[C@]12C	95574-0	Eltanolona
668	C(C(=O)COP(=O)(O)O)O	24081-2	DHAP
668	C(C(=O)COP(=O)(O)O)O	82220-5	DHAP
123826	CC(=O)N[C@@H]1[C@H]([C@@H]([C@H](O[C@H]1NC(=O)C[C@@H](C(=O)O)N)CO)O)O	79589-8	Aspartylglycosamine
188803	CC(=O)N[C@@H](CC(=O)O)C(=O)N[C@@H](CCC(=O)O)C(=O)O	78964-4	NAAGA
65065	CC(=O)N[C@@H](CC(=O)O)C(=O)O	13779-4	Acetylaspartate
2723735	CC(=O)N[C@@H](CSC1=CC=CC=C1)C(=O)O	114470-8	Phenylmercapturic acid
119083	CC(=O)N[C@@H](CSCCCO)C(=O)O	101991-8	RefChem:931062
444493	CC(=O)SCCNC(=O)CCNC(=O)[C@@H](C(C)(C)COP(=O)(O)OP(=O)(O)OC[C@@H]1[C@H]([C@H]([C@@H](O1)N2C=NC3=C(N=CN=C32)N)O)OP(=O)(O)O)O	24043-2	acetylCoA
92094	CC1=CC(=CC2=C1O[C@](CC2)(C)CCC[C@H](C)CCC[C@H](C)CCCC(C)C)O	13970-9	Vitamine E
4055	CC1=CC(=O)C2C=CC=CC=2C1=O	3129-4	Prokayvit
65118	CC1=CC(=O)OC2=C1C=CC(=C2)OP(=O)(O)O	76615-4	SCHEMBL140039
12314042	CC1=CC2=CC3=C(C(=C(N3)C=C4C(=C(C(=N4)C=C5C(=C(C(=N5)C=C1N2)C)CCC(=O)O)CCC(=O)O)C)C=C)C	74440-9	Pemptoporphyrin
5311364	C[C@]12CCC(=O)C=C1CC[C@@H]3[C@@H]2C(=O)C[C@]4([C@H]3CC[C@@H]4C(=O)CO)C	82846-7	Dehydrocorticosterone
5311364	C[C@]12CCC(=O)C=C1CC[C@@H]3[C@@H]2C(=O)C[C@]4([C@H]3CC[C@@H]4C(=O)CO)C	82848-3	Dehydrocorticosterone
64970	C[C@]12CCC(=O)C=C1CC[C@@H]3[C@@H]2CC[C@]4([C@H]3CC[C@@H]4C(=O)CO)CO	11206-0	SCHEMBL927204
5754	C[C@@]12CCC(=O)C=C2CC[C@@H]2[C@@H]1[C@@H](O)C[C@@]1(C)[C@H]2CC[C@]1(O)C(=O)CO	13611-9	Xyloproct
10635	C[C@@]12CCC(=O)C[C@@H]2CC[C@@H]2[C@@H]1CC[C@]1(C)[C@@H](O)CC[C@@H]21	13882-6	Stanorone
3001028	C[C@@]12CC[C@@H]3C4C=CC(=CC=4CC[C@H]3[C@@H]2CCC1=O)OS(=O)(=O)O	15355-1	CONJUGOL
5870	C[C@@]12CC[C@@H]3C4C=CC(O)=CC=4CC[C@H]3[C@@H]2CCC1=O	14160-6	Wynestron
5870	C[C@@]12CC[C@@H]3C4C=CC(O)=CC=4CC[C@H]3[C@@H]2CCC1=O	14970-8	Wynestron
5870	C[C@@]12CC[C@@H]3C4C=CC(O)=CC=4CC[C@H]3[C@@H]2CCC1=O	49826-1	Wynestron
5870	C[C@@]12CC[C@@H]3C4C=CC(O)=CC=4CC[C@H]3[C@@H]2CCC1=O	49827-9	Wynestron
5757	C[C@@]12CC[C@@H]3C4C=CC(O)=CC=4CC[C@H]3[C@@H]2CC[C@@H]1O	12213-5	Trocosone
5757	C[C@@]12CC[C@@H]3C4C=CC(O)=CC=4CC[C@H]3[C@@H]2CC[C@@H]1O	13883-4	Trocosone
5757	C[C@@]12CC[C@@H]3C4C=CC(O)=CC=4CC[C@H]3[C@@H]2CC[C@@H]1O	14960-9	Trocosone
5757	C[C@@]12CC[C@@H]3C4C=CC(O)=CC=4CC[C@H]3[C@@H]2CC[C@@H]1O	17844-2	Trocosone
5756	C[C@@]12CC[C@@H]3C4C=CC(O)=CC=4CC[C@H]3[C@@H]2C[C@@H](O)[C@@H]1O	15063-1	Ovestrion
12594	C[C@]12CC[C@H]3[C@H]([C@@H]1CCC2=O)CC=C4[C@@]3(CC[C@@H](C4)OS(=O)(=O)O)C	107494-7	Inflarest
5881	C[C@@]12CC[C@H](O)CC2=CC[C@@H]2[C@@H]1CC[C@]1(C)C(=O)CC[C@@H]21	16731-2	Intrarosa
441302	C[C@@]12CC[C@H](O)C[C@@H]2CC[C@@H]2[C@@H]1CC[C@]1(C)C(=O)CC[C@@H]21	2229-3	Isoandrosterone
5753	C[C@@]12C[C@H](O)[C@H]3[C@@H](CCC4=CC(=O)CC[C@]34C)[C@@H]2CC[C@@H]1C(=O)CO	95569-0	Cortico
92729	CC1C(O)=CC2=C(C=1C)O[C@](C)(CCC[C@H](C)CCC[C@H](C)CCCC(C)C)CC2	11038-7	-Tocopherol
6202	CC1N=CC(C[N+]2=CSC(CCO)=C2C)=C(N)N=1.Cl.[Cl-]	3000-7	Metabolin
6202	CC1N=CC(C[N+]2=CSC(CCO)=C2C)=C(N)N=1.Cl.[Cl-]	49115-9	Metabolin
160603	C(CC=O)C[C@@H](C(=O)O)N	79279-6	allysine
124886	C(CC(=O)N[C@@H](CS)C(=O)NCC(=O)O)[C@@H](C(=O)O)N	2376-2	Glutatiol
124886	C(CC(=O)N[C@@H](CS)C(=O)NCC(=O)O)[C@@H](C(=O)O)N	2380-4	Glutatiol
1110	C(CC(=O)O)C(=O)O	76619-6	Katasuccin
594	C(C(C(=O)O)N)S	10969-4	Cisteine
594	C(C(C(=O)O)N)S	13372-8	Cisteine
594	C(C(C(=O)O)N)S	16711-4	Cisteine
594	C(C(C(=O)O)N)S	1696-4	Cisteine
594	C(C(C(=O)O)N)S	48115-0	Cisteine
23663407	CC(C1=CC=C(C=C1)CC2CCCC2=O)C(=O)[O-].[Na+]	42178-4	Loxonin
62957	CC[C@]12CC(=C)[C@H]3[C@H]([C@@H]1CC[C@]2(C#C)O)CCC4=CCCC[C@H]34.C[C@]12CC[C@H]3[C@H]([C@@H]1CC[C@]2(C#C)O)CCC4=C3C=CC(=C4)O	86465-2	Varnoline
81984	CC(C)(C(=O)C1=CC=CC=C1)O	79482-6	benzoyl isopropanol
445127	C[C@](CC(=O)O)(CC(=O)SCCNC(=O)CCNC(=O)[C@@H](C(C)(C)COP(=O)(O)OP(=O)(O)OC[C@@H]1[C@H]([C@H]([C@@H](O1)N2C=NC3=C(N=CN=C32)N)O)OP(=O)(O)O)O)O	2444-8	ZKE
445127	C[C@](CC(=O)O)(CC(=O)SCCNC(=O)CCNC(=O)[C@@H](C(C)(C)COP(=O)(O)OP(=O)(O)OC[C@@H]1[C@H]([C@H]([C@@H](O1)N2C=NC3=C(N=CN=C32)N)O)OP(=O)(O)O)O)O	74295-7	ZKE
132367	CCCC1=CC2=C(C=C1)OC(=CC2=O)C(=O)O	2850-6	PCCA
135764911	CC(C(C1=CN=C2C(=O)NC(=NC2=N1)N)O)O	79323-2	Primapterin
16132636	CC(C)C(C(=O)N)NC(=O)C1CCCN1C(=O)C(CCCCN)NC(=O)CNC(=O)C(CC2=CNC3=CC=CC=C32)NC(=O)C(CCCNC(=N)N)NC(=O)C(CC4=CC=CC=C4)NC(=O)C(CC5=CN=CN5)NC(=O)C(CCC(=O)O)NC(=O)C(CCSC)NC(=O)C(CO)NC(=O)C(CC6=CC=C(C=C6)O)NC(=O)C(CO)NC(=O)C	1820-0	SCHEMBL29380794
644731	CC(C)(CCC1(C(CCC2=C1N=C3C(=C2OC)C=CO3)O)OC)O	35128-8	Perforine
12736	C(CCCCCC(=O)O)CCCCC(=O)O	13732-3	Dodecanedioicacid
114944	CCCCCCCCCCCCCC(=O)OCC(COP(=O)(O)OCCN)OC(=O)CCCCCCCCCCCCC	49837-8	Dimyristoylcephalin
985	CCCCCCCCCCCCCCCC(=O)O	104677-0	Acidified
460602	CCCCCCCCCCCCCCCC(=O)OC[C@H](COP(=O)([O-])OCC[N+](C)(C)C)O	75736-9	Soy Lyso PC
452110	CCCCCCCCCCCCCCCC(=O)OC[C@H](COP(=O)([O-])OCC[N+](C)(C)C)OC(=O)CCCCCCCCCCCCCCC	2215-2	Colfosceril
5281	CCCCCCCCCCCCCCCCCC(=O)O	104678-8	Promulsin
497299	CCCCCCCCCCCCCCCCCC(=O)OC[C@H](COP(=O)([O-])OCC[N+](C)(C)C)O	75737-7	1-Octadecanoyllysolecithin
24779473	CCCCCCCCCCCCCCCCCCCC(=O)OC[C@H](COP(=O)([O-])OCC[N+](C)(C)C)O	90920-0	SCHEMBL29482586
8215	CCCCCCCCCCCCCCCCCCCCCC(=O)O	1773-1	Behensaeure
8215	CCCCCCCCCCCCCCCCCCCCCC(=O)O	1774-9	Behensaeure
8215	CCCCCCCCCCCCCCCCCCCCCC(=O)O	30194-5	Behensaeure
8215	CCCCCCCCCCCCCCCCCCCCCC(=O)O	38538-5	Behensaeure
24779479	CCCCCCCCCCCCCCCCCCCCCC(=O)OC[C@H](COP(=O)([O-])OCC[N+](C)(C)C)O	90921-8	SCHEMBL29482572
11197	CCCCCCCCCCCCCCCCCCCCCCCC(=O)O	1773-1	Tetracosansaeure
24779481	CCCCCCCCCCCCCCCCCCCCCCCC(=O)OC[C@H](COP(=O)([O-])OCC[N+](C)(C)C)O	90922-6	SCHEMBL29361951
10469	CCCCCCCCCCCCCCCCCCCCCCCCCC(=O)O	1774-9	Hexacosansaeure
131750810	CCCCCCCCCCCCCCCCCCCCCCCCCC(=O)OC[C@H](COP(=O)([O-])OCC[N+](C)(C)C)O	79320-8	SCHEMBL29371642
58743267	CCCCCCCCCCCCCCC[C@H]([C@H](C)[NH3+])O	102051-0	deoxysphinganine
5312804	CCCCCCCCC[C@H](CC(=O)O)O	21042-7	HXD
5312804	CCCCCCCCC[C@H](CC(=O)O)O	48753-8	HXD
6106	CC(C)C[C@@H](C(=O)O)N	79626-8	Leucinum
461776	CC(C)C[C@@H](C(=O)O)NC(=O)[C@H](CC1=CC=CC=C1)NC(=O)CNC(=O)CNC(=O)[C@H](CC2=CC=C(C=C2)O)N	12726-6	Enkephalin
3025	CCCCOC1C=C(C(=O)NCCN(CC)CC)C2=CC=CC=C2N=1	22754-6	Percamine
3025	CCCCOC1C=C(C(=O)NCCN(CC)CC)C2=CC=CC=C2N=1	39354-6	Percamine
241572	CC[C@H](CC[C@@H](C)[C@H]1CC[C@H]2[C@@H]3CC[C@H]4C[C@@H](O)CC[C@]4(C)[C@H]3CC[C@]12C)C(C)C	74887-1	Fucostanol
91864521	CC[C@H](C)[C@H]1C(=O)N[C@H](C(=O)N[C@H]2CSSC[C@H]3C(=O)N[C@H]4CSSC[C@@H](C(=O)N[C@@H](CSSC[C@@H](C(=O)N1)NC(=O)[C@H]([C@@H](C)CC)NC(=O)[C@@H]5CCCN5C(=O)[C@H](CC6=CC=CC=C6)NC(=O)[C@H](CC7=CNC=N7)NC(=O)[C@H]([C@@H](C)O)NC(=O)[C@H](CC(=O)O)N)C(=O)N[C@@H](CCCCN)C(=O)N[C@@H]([C@@H](C)O)C(=O)O)NC(=O)[C@@H](NC(=O)CNC(=O)[C@H](CSSC[C@@H](C(=O)NCC(=O)N3)NC2=O)NC(=O)[C@@H](NC(=O)[C@@H](NC(=O)[C@@H](NC(=O)[C@@H](NC4=O)CC8=CNC=N8)CCCNC(=N)N)CO)CCCCN)CCSC)CC9=CC=CC=C9	71386-7	Hepcidin
439302	CC[C@H](C)[C@H]1C(=O)N[C@H](C(=O)N[C@H](C(=O)N[C@@H](CSSC[C@@H](C(=O)N[C@H](C(=O)N1)CC1C=CC(=CC=1)O)N)C(=O)N1CCC[C@H]1C(=O)N[C@@H](CC(C)C)C(=O)NCC(=O)N)CC(=O)N)CCC(=O)N	2718-5	Oxytocine
3081372	CC[C@H](C)[C@@H](C(=O)N[C@@H](CC1=CN=CN1)C(=O)N2CCC[C@H]2C(=O)N[C@@H](CC3=CC=CC=C3)C(=O)N[C@@H](CC4=CN=CN4)C(=O)N[C@@H](CC(C)C)C(=O)O)NC(=O)[C@H](CC5=CC=C(C=C5)O)NC(=O)[C@H](C(C)C)NC(=O)[C@H](CCCN=C(N)N)NC(=O)[C@H](CC(=O)O)N	15031-8	Pepsitensin
172198	CC[C@H](C)[C@@H](C(=O)N[C@@H](CC1=CNC=N1)C(=O)N1CCC[C@H]1C(=O)N[C@@H](CC1C=CC=CC=1)C(=O)O)NC(=O)[C@H](CC1C=CC(=CC=1)O)NC(=O)[C@H](C(C)C)NC(=O)[C@H](CCCN=C(N)N)NC(=O)[C@H](CC(=O)O)N	15032-6	Giapreza
56842143	CC[C@H](C)[C@@H](C(=O)N[C@@H](CC(C)C)C(=O)N[C@@H]([C@@H](C)O)C(=O)N[C@@H](CC(C)C)C(=O)N)NC(=O)CNC(=O)[C@H](C)NC(=O)[C@H](C)NC(=O)[C@H](CC1=CN=CN1)NC(=O)[C@H](CC(=O)N)NC(=O)CNC(=O)[C@H](C)NC(=O)CNC(=O)[C@H](CC2=CN=CN2)NC(=O)[C@H](CC(C)C)NC(=O)[C@H](CC(C)C)NC(=O)[C@H](CCC(=O)O)NC(=O)[C@H](CC3=CC=C(C=C3)O)NC(=O)[C@H](CC(C)C)NC(=O)[C@H](CCCNC(=N)N)NC(=O)[C@@H]4CSSC[C@H]5C(=O)N[C@H](C(=O)N[C@H](C(=O)N[C@H](C(=O)N[C@H](C(=O)N[C@@H](CSSC[C@@H](C(=O)N5)NC(=O)[C@H](CC(=O)O)NC(=O)[C@@H]6CCCN6C(=O)[C@H](CC(C)C)NC(=O)[C@@H]7CCCN7C(=O)[C@@H]8CCC(=O)N8)C(=O)N[C@H](C(=O)N4)CO)[C@@H](C)O)CCCCN)CCC(=O)N)CCCNC(=N)N	91670-0	Orexine A
16132350	CC[C@H](C)[C@H](NC(=O)[C@H](CC1C=CC(O)=CC=1)NC(=O)[C@H](CC1=CN=CN1)NC(=O)[C@H](CCCNC(=N)N)NC(=O)[C@H](CC(C)C)NC(=O)[C@H](C)NC(=O)[C@H](CO)NC(=O)[C@H](CC1C=CC(O)=CC=1)NC(=O)[C@H](CC1C=CC(O)=CC=1)NC(=O)[C@H](CCCNC(=N)N)NC(=O)[C@H](C)NC(=O)[C@H](CC(C)C)NC(=O)[C@H](CC(=O)O)NC(=O)[C@H](CCC(=O)O)NC(=O)[C@H](C)NC(=O)[C@@H]1CCCN1C(=O)[C@H](C)NC(=O)[C@H](CC(=O)O)NC(=O)[C@H](CCC(=O)O)NC(=O)CNC(=O)[C@@H]1CCCN1C(=O)[C@H](CC(N)=O)NC(=O)[C@H](CC(=O)O)NC(=O)[C@@H]1CCCN1C(=O)[C@H](CCCCN)NC(=O)[C@H](CO)NC(=O)[C@@H]1CCCN1C(=O)[C@@H](N)CC1C=CC(O)=CC=1)C(=O)N[C@@H](CC(N)=O)C(=O)N[C@@H](CC(C)C)C(=O)N[C@H](C(=O)N[C@H](C(=O)N[C@@H](CCCNC(=N)N)C(=O)N[C@@H](CCC(N)=O)C(=O)N[C@@H](CCCNC(=N)N)C(=O)N[C@@H](CC1C=CC(O)=CC=1)C(N)=O)[C@@H](C)O)[C@@H](C)CC	49866-7	Neuropeptide Y
9804938	CC(C)(N)C(=O)N[C@H](CC1=CNC2C=CC=CC1=2)C(=O)N[C@H](CC1=CNC2C=CC=CC1=2)NC=O	95847-0	Solorel
9804938	CC(C)(N)C(=O)N[C@H](CC1=CNC2C=CC=CC1=2)C(=O)N[C@H](CC1=CNC2C=CC=CC1=2)NC=O	95848-8	Solorel
9804938	CC(C)(N)C(=O)N[C@H](CC1=CNC2C=CC=CC1=2)C(=O)N[C@H](CC1=CNC2C=CC=CC1=2)NC=O	95849-6	Solorel
9804938	CC(C)(N)C(=O)N[C@H](CC1=CNC2C=CC=CC1=2)C(=O)N[C@H](CC1=CNC2C=CC=CC1=2)NC=O	95850-4	Solorel
64956	CC(CN)C(=O)O	79580-7	3-Aminoisobutanoate
5962	C(CCN)C[C@@H](C(=O)O)N	79578-1	Aminutrin
6502	CC(CO)(CO)CO	17748-5	Methriol
20469	C[C@H]1C[C@H]2[C@@H]3CCC4=CC(=O)C=C[C@]4(C)[C@@]3(Cl)[C@@H](O)C[C@]2(C)[C@@]1(O)C(=O)CO	101831-6	Becodisk
189098	C([C@@H]1[C@H]([C@@H]([C@H]([C@H](O1)OC[C@@H]2[C@H]([C@@H]([C@H]([C@H](O2)O[C@@H]3[C@H](O[C@@H]([C@@H]([C@H]3O)O)O[C@H]([C@@H](CO)O)[C@@H]([C@H](C=O)O)O)CO)O)O)O)O)O)O)O	53868-6	Tetraglucoside
16132306	C[C@@H](C(=O)NCC(=O)NCC(=O)N[C@@H](CC1=CNC2=CC=CC=C21)C(=O)N[C@@H](CCSC)C(=O)N[C@@H](CC(=O)O)C(=O)N[C@@H](CC3=CC=CC=C3)C(=O)N)NC(=O)CNC(=O)[C@H](CCC(=O)O)NC(=O)[C@H](CCC(=O)O)NC(=O)[C@H](CCC(=O)O)NC(=O)[C@H](CCC(=O)O)NC(=O)CNC(=O)CNC(=O)[C@@H]4CCCN4C(=O)CNC(=O)[C@H](CCC(=O)N)NC(=O)[C@H](CCCCN)NC(=O)[C@H](CCCCN)NC(=O)CNC(=O)CNC(=O)[C@H](CC(=O)O)NC(=O)[C@H](C)NC(=O)CNC(=O)CNC(=O)CNC(=O)CNC(=O)[C@@H]5CCCN5C(=O)CNC(=O)[C@H](CCC(=O)N)NC(=O)CNC(=O)CNC(=O)[C@H](CC(C)C)NC(=O)[C@@H]6CCC(=O)N6	2330-9	progastrin
57339539	C[C@@H](C(=O)N[C@@H](CC1=CC=C(C=C1)O)C(=O)NCC(=O)N[C@@H](CC2=CNC3=CC=CC=C32)C(=O)N[C@@H](CCSC)C(=O)N[C@@H](CC(=O)O)C(=O)N[C@@H](CC4=CC=CC=C4)C(=O)N)NC(=O)[C@H](CCC(=O)O)NC(=O)[C@H](CCC(=O)O)NC(=O)[C@H](CCC(=O)O)NC(=O)[C@H](CCC(=O)O)NC(=O)[C@H](CCC(=O)O)NC(=O)[C@H](CC(C)C)NC(=O)[C@H](CC5=CNC6=CC=CC=C65)N	2332-5	Minigastrin
16162108	C[C@@H](C(=O)N[C@@H](CC1=CC=C(C=C1)O)C(=O)NCC(=O)N[C@@H](CC2=CNC3=CC=CC=C32)C(=O)N[C@@H](CCSC)C(=O)N[C@@H](CC(=O)O)C(=O)N[C@@H](CC4=CC=CC=C4)C(=O)N)NC(=O)[C@H](CCC(=O)O)NC(=O)[C@H](CCC(=O)O)NC(=O)[C@H](CCC(=O)O)NC(=O)[C@H](CCC(=O)O)NC(=O)[C@H](CCC(=O)O)NC(=O)[C@H](CC(C)C)NC(=O)[C@H](CC5=CNC6=CC=CC=C65)NC(=O)[C@@H]7CCCN7C(=O)CNC(=O)[C@@H]8CCC(=O)N8	2331-7	GastrinIHuman
56841867	C[C@@H](C(=O)N[C@@H](CCC(=O)O)C(=O)N[C@@H](CC(=O)O)C(=O)N[C@@H](CCC(=O)O)C(=O)N[C@@H](CO)C(=O)N[C@@H](C)C(=O)N[C@@H](CCC(=O)O)C(=O)N[C@@H](C)C(=O)N[C@@H](CC1=CC=CC=C1)C(=O)N2CCC[C@H]2C(=O)N[C@@H](CC(C)C)C(=O)N[C@@H](CCC(=O)O)C(=O)O)NC(=O)CNC(=O)[C@H](CC(=O)N)NC(=O)[C@@H]3CCCN3C(=O)[C@H](CC4=CC=C(C=C4)O)NC(=O)[C@H](C(C)C)NC(=O)[C@H](CCCCN)NC(=O)[C@H](C(C)C)NC(=O)[C@@H]5CCCN5C(=O)[C@H](CCCNC(=N)N)NC(=O)[C@H](CCCNC(=N)N)NC(=O)[C@H](CCCCN)NC(=O)[C@H](CCCCN)NC(=O)CNC(=O)[C@H](C(C)C)NC(=O)[C@@H]6CCCN6C(=O)[C@H](CCCCN)NC(=O)CNC(=O)[C@H](CC7=CNC8=CC=CC=C87)NC(=O)[C@H](CCCNC(=N)N)NC(=O)[C@H](CC9=CC=CC=C9)N	94718-4	Defensin
5951	C([C@@H](C(=O)O)N)O	79580-7	Serinum
115245	C[C@H](CCC(=O)NCC(=O)O)[C@H]1CC[C@@H]2[C@@]1(CC[C@H]3[C@H]2CC[C@H]4[C@@]3(CC[C@H](C4)O)C)C	93331-7	Lithocholylglycine
12310288	C[C@H](CCC(=O)NCC(=O)O)[C@H]1CC[C@@H]2[C@@]1(CC[C@H]3[C@H]2[C@H](C[C@H]4[C@@]3(CC[C@H](C4)O)C)O)C	93330-9	Glycoursodeoxycholate
12544	C[C@H](CCC(=O)NCC(=O)O)[C@H]1CC[C@@H]2[C@@]1(CC[C@H]3[C@H]2[C@@H](C[C@H]4[C@@]3(CC[C@H](C4)O)C)O)C	93335-8	Glycochenodeoxycholate
3035026	C[C@H](CCC(=O)NCC(=O)O)[C@H]1CC[C@@H]2[C@@]1([C@H](C[C@H]3[C@H]2CC[C@H]4[C@@]3(CC[C@H](C4)O)C)O)C	93333-3	Glycodeoxycholate
10140	C[C@H](CCC(=O)NCC(=O)O)[C@H]1CC[C@H]2[C@@H]3[C@H](O)C[C@@H]4C[C@H](O)CC[C@]4(C)[C@H]3C[C@H](O)[C@]12C	2100-6	Glycylcholate
10140	C[C@H](CCC(=O)NCC(=O)O)[C@H]1CC[C@H]2[C@@H]3[C@H](O)C[C@@H]4C[C@H](O)CC[C@]4(C)[C@H]3C[C@H](O)[C@]12C	2101-4	Glycylcholate
439763	C[C@H](CCC(=O)NCCS(=O)(=O)O)[C@H]1CC[C@@H]2[C@@]1(CC[C@H]3[C@H]2CC[C@H]4[C@@]3(CC[C@H](C4)O)C)C	93324-2	Taurolithocholate
119046	C[C@H](CCC(=O)NCCS(=O)(=O)O)[C@H]1CC[C@@H]2[C@@]1(CC[C@H]3[C@H]2C[C@@H]([C@H]4[C@@]3(CC[C@H](C4)O)C)O)C	93325-9	THDCA
9848818	C[C@H](CCC(=O)NCCS(=O)(=O)O)[C@H]1CC[C@@H]2[C@@]1(CC[C@H]3[C@H]2[C@H](C[C@H]4[C@@]3(CC[C@H](C4)O)C)O)C	93323-4	Taurolite
387316	C[C@H](CCC(=O)NCCS(=O)(=O)O)[C@H]1CC[C@@H]2[C@@]1(CC[C@H]3[C@H]2[C@@H](C[C@H]4[C@@]3(CC[C@H](C4)O)C)O)C	93328-3	Chenyltaurine
6674	C[C@H](CCC(=O)O)[C@H]1CC[C@@H]2[C@@]1(C(=O)C[C@H]3[C@H]2C(=O)C[C@H]4[C@@]3(CCC(=O)C4)C)C	92764-0	Procholon
10133	C[C@H](CCC(=O)O)[C@H]1CC[C@@H]2[C@@]1(CC[C@H]3[C@H]2[C@@H](C[C@H]4[C@@]3(CC[C@H](C4)O)C)O)C	103710-0	Lithofalk
44582064	C[C@H](CCC(=O)O)[C@H]1CC[C@@H]2[C@]1(C)[C@@H](O)C[C@@H]1[C@@]3(C)CC[C@@H](O)C[C@H]3C[C@@H](O)[C@@]21C	2201-2	SCHEMBL18472024
31401	C[C@H](CCC(=O)O)[C@H]1CC[C@H]2[C@@H]3[C@@H](O)C[C@@H]4C[C@H](O)CC[C@]4(C)[C@H]3CC[C@]12C	55159-8	Ursodamor
129846	C[C@H](CCCC(C)C)[C@H]1CC[C@@H]2[C@@]1(CCC3=C2CC=C4[C@@]3(CC[C@@H](C4)O)C)C	34671-8	SCHEMBL2106790
65728	C[C@H](CCCC(C)C)[C@H]1CC[C@@H]2[C@@]1(CC[C@H]3C2=CC[C@@H]4[C@@]3(CC[C@@H](C4)O)C)C	75740-1	Lathosterol
65728	C[C@H](CCCC(C)C)[C@H]1CC[C@@H]2[C@@]1(CC[C@H]3C2=CC[C@@H]4[C@@]3(CC[C@@H](C4)O)C)C	79277-0	Lathosterol
65728	C[C@H](CCCC(C)C)[C@H]1CC[C@@H]2[C@@]1(CC[C@H]3C2=CC[C@@H]4[C@@]3(CC[C@@H](C4)O)C)C	79278-8	Lathosterol
135449517	C[C@H]([C@H](C1=CN=C2C(=N1)C(=O)NC(=N2)N)O)O	1979-4	D-Biopterin
135449517	C[C@H]([C@H](C1=CN=C2C(=N1)C(=O)NC(=N2)N)O)O	33877-2	D-Biopterin
135449517	C[C@H]([C@H](C1=CN=C2C(=N1)C(=O)NC(=N2)N)O)O	79282-0	D-Biopterin
73563	C([C@H]([C@H]([C@@H]([C@H](C(=O)O)N)O)O)O)O	24043-2	Glucosaminate
239	C(CN)C(=O)O	13368-6	Abufene
239	C(CN)C(=O)O	59251-9	Abufene
239	C(CN)C(=O)O	79598-9	Abufene
725	C[N+](C)(C)CCCC(=O)[O-]	79308-3	Actinine
440121	C[N+](C)(C)CCCC[C@@H](C(=O)O)N	79268-9	Trimethyllysine
440121	C[N+](C)(C)CCCC[C@@H](C(=O)O)N	79272-1	Trimethyllysine
22475	C[N+](C)(C)CCOC(=O)CCC(=O)OCC[N+](C)(C)C.[Cl-].[Cl-]	39356-1	Sucostrin
1145	C[N+](C)(C)[O-]	90360-9	Triox
75810	CN1C=C(N=C1)CC(=O)O	14167-1	Methylimidazoleacetate
75810	CN1C=C(N=C1)CC(=O)O	77362-2	Methylimidazoleacetate
112072	CN1C=NC=C1C[C@@H](C(=O)O)NC(=O)CCN	13386-8	Ophidine
137319715	CN1CC(=O)NC1=N	33914-3	krebiozen
137319715	CN1CC(=O)NC1=N	59834-2	krebiozen
16822	COC1=C(C=CC(=C1)CCCO)O	79480-0	guaiacyl propanol
1669	COC1=C(C=CC(=C1)CCN)O	101175-8	Methoxytyramine
9993789	COC1C=CC(N)=C(C(=O)CC(NC(C)=O)C(=O)O)C=1	53470-1	SCHEMBL29456867
9993789	COC1C=CC(N)=C(C(=O)CC(NC(C)=O)C(=O)O)C=1	74430-0	SCHEMBL29456867
57394586	CO[C@@H]1O[C@H](CO)[C@H](O)[C@H](O[C@@H]2O[C@@H](C(=O)O)[C@@H](OC)[C@H](O)[C@H]2O)[C@H]1NC(C)=O	2203-8	SCHEMBL29360360
5778	CSC1=NC=NC2=C1NC=N2	91141-2	XQG
5778	CSC1=NC=NC2=C1NC=N2	91142-0	XQG
863	NC(=O)CCCCC1CCSS1	2911-6	Thiotomin
135403800	NC1=NC(=O)C2NC(=O)C=NC=2N1	80183-7	Ksantopterin
938	O=C(O)C1C=CC=NC=1	10836-5	Pellagrin
5988	OC[C@H]1O[C@@](CO)(O[C@H]2O[C@H](CO)[C@@H](O)[C@H](O)[C@H]2O)[C@@H](O)[C@@H]1O	74443-3	Sacharose
892	O[C@H]1[C@H](O)[C@@H](O)[C@H](O)[C@@H](O)[C@H]1O	2480-2	Scyllitol
