DocName	SectionType	OriginalText	EntityType	BegIndex	EntityText	PossiblyCorrectedText	CorrectionDistance	ResolvedForm
82846-7	E	11-DHC	DictMol	0	11-DHC	11-DHC	0	C[C@]12CCC(=O)C=C1CC[C@@H]3[C@@H]2C(=O)C[C@]4([C@H]3CC[C@@H]4C(=O)CO)C
82846-7	E	11-DHC	DictMol	0	11-DHC	11-DHC	0	C[C@]12CCC(=O)C=C1CC[C@@H]3[C@@H]2C(=O)C[C@]4([C@H]3CC[C@@H]4C(=O)CO)C
82848-3	E	11-DHC	DictMol	0	11-DHC	11-DHC	0	C[C@]12CCC(=O)C=C1CC[C@@H]3[C@@H]2C(=O)C[C@]4([C@H]3CC[C@@H]4C(=O)CO)C
82848-3	E	11-DHC	DictMol	0	11-DHC	11-DHC	0	C[C@]12CCC(=O)C=C1CC[C@@H]3[C@@H]2C(=O)C[C@]4([C@H]3CC[C@@H]4C(=O)CO)C
104677-0	E	C16:0	DictMol	9	C16:0	C16:0	0	CCCCCCCCCCCCCCCC(=O)O
104677-0	E	C16:0	DictMol	9	C16:0	C16:0	0	CCCCCCCCCCCCCCCC(=O)O
104677-0	E	C16:0	DictMol	9	C16:0	C16:0	0	CCCCCCCCCCCCCCCC(=O)O
104677-0	E	C16:0	DictMol	9	C16:0	C16:0	0	CCCCCCCCCCCCCCCC(=O)O
104677-0	E	C16:0	DictMol	9	C16:0	C16:0	0	CCCCCCCCCCCCCCCC(=O)O
104677-0	E	C16:0	DictMol	9	C16:0	C16:0	0	CCCCCCCCCCCCCCCC(=O)O
104677-0	E	C16:0	DictMol	9	C16:0	C16:0	0	CCCCCCCCCCCCCCCC(=O)O
104678-8	E	C18:0	DictMol	9	C18:0	C18:0	0	CCCCCCCCCCCCCCCCCC(=O)O
104678-8	E	C18:0	DictMol	9	C18:0	C18:0	0	CCCCCCCCCCCCCCCCCC(=O)O
104678-8	E	C18:0	DictMol	9	C18:0	C18:0	0	CCCCCCCCCCCCCCCCCC(=O)O
104678-8	E	C18:0	DictMol	9	C18:0	C18:0	0	CCCCCCCCCCCCCCCCCC(=O)O
104678-8	E	C18:0	DictMol	9	C18:0	C18:0	0	CCCCCCCCCCCCCCCCCC(=O)O
104678-8	E	C18:0	DictMol	9	C18:0	C18:0	0	CCCCCCCCCCCCCCCCCC(=O)O
104678-8	E	C18:0	DictMol	9	C18:0	C18:0	0	CCCCCCCCCCCCCCCCCC(=O)O
104678-8	E	C18:0	DictMol	9	C18:0	C18:0	0	CCCCCCCCCCCCCCCCCC(=O)O
104678-8	E	C18:0	DictMol	9	C18:0	C18:0	0	CCCCCCCCCCCCCCCCCC(=O)O
104678-8	E	C18:0	DictMol	9	C18:0	C18:0	0	CCCCCCCCCCCCCCCCCC(=O)O
104678-8	E	C18:0	DictMol	9	C18:0	C18:0	0	CCCCCCCCCCCCCCCCCC(=O)O
62291-0	E	1,25(OH)2D2	DictMol	0	1,25(OH)2D2	1,25-(OH)2D2	0	C[C@H](/C=C/[C@H](C)C(C)(C)O)[C@H]1CC[C@@H]\2[C@@]1(CCC/C2=C\C=C/3\C[C@H](CC(C3=C)O)O)C
95574-0	E	pregnanolone	DictMol	18	pregnanolone	pregnanolone	0	CC(=O)[C@H]1CC[C@H]2[C@@H]3CC[C@@H]4C[C@H](O)CC[C@]4(C)[C@H]3CC[C@]12C
101174-1	E	17OHP	DictMol	0	17OHP	17OHP	0	CC(=O)[C@]1(CC[C@@H]2[C@@]1(CC[C@H]3[C@H]2CCC4=CC(=O)CC[C@]34C)C)O
101174-1	E	17OHP	DictMol	0	17OHP	17OHP	0	CC(=O)[C@]1(CC[C@@H]2[C@@]1(CC[C@H]3[C@H]2CCC4=CC(=O)CC[C@]34C)C)O
101174-1	E	17OHP	DictMol	0	17OHP	17OHP	0	CC(=O)[C@]1(CC[C@@H]2[C@@]1(CC[C@H]3[C@H]2CCC4=CC(=O)CC[C@]34C)C)O
101174-1	E	17OHP	DictMol	0	17OHP	17OHP	0	CC(=O)[C@]1(CC[C@@H]2[C@@]1(CC[C@H]3[C@H]2CCC4=CC(=O)CC[C@]34C)C)O
101174-1	E	17OHP	DictMol	0	17OHP	17OHP	0	CC(=O)[C@]1(CC[C@@H]2[C@@]1(CC[C@H]3[C@H]2CCC4=CC(=O)CC[C@]34C)C)O
101174-1	E	17OHP	DictMol	0	17OHP	17OHP	0	CC(=O)[C@]1(CC[C@@H]2[C@@]1(CC[C@H]3[C@H]2CCC4=CC(=O)CC[C@]34C)C)O
101174-1	E	17OHP	DictMol	0	17OHP	17OHP	0	CC(=O)[C@]1(CC[C@@H]2[C@@]1(CC[C@H]3[C@H]2CCC4=CC(=O)CC[C@]34C)C)O
101174-1	E	17OHP	DictMol	0	17OHP	17OHP	0	CC(=O)[C@]1(CC[C@@H]2[C@@]1(CC[C@H]3[C@H]2CCC4=CC(=O)CC[C@]34C)C)O
101174-1	E	17OHP	DictMol	0	17OHP	17OHP	0	CC(=O)[C@]1(CC[C@@H]2[C@@]1(CC[C@H]3[C@H]2CCC4=CC(=O)CC[C@]34C)C)O
53336-4	E	Cortis	DictMol	15	Cortis	Cortis	0	C1CCC2=NN=NN2CC1
11206-0	E	18OH-DOC	DictMol	0	18OH-DOC	18-OH-DOC	0	C[C@]12CCC(=O)C=C1CC[C@@H]3[C@@H]2CC[C@]4([C@H]3CC[C@@H]4C(=O)CO)CO
11206-0	E	18OH-DOC	DictMol	0	18OH-DOC	18-OH-DOC	0	C[C@]12CCC(=O)C=C1CC[C@@H]3[C@@H]2CC[C@]4([C@H]3CC[C@@H]4C(=O)CO)CO
11206-0	E	18OH-DOC	DictMol	0	18OH-DOC	18-OH-DOC	0	C[C@]12CCC(=O)C=C1CC[C@@H]3[C@@H]2CC[C@]4([C@H]3CC[C@@H]4C(=O)CO)CO
102051-0	E	1-deoxySa	DictMol	0	1-deoxySa	1-deoxySa	0	CCCCCCCCCCCCCCC[C@H]([C@H](C)[NH3+])O
102051-0	E	1-deoxySa	DictMol	0	1-deoxySa	1-deoxySa	0	CCCCCCCCCCCCCCC[C@H]([C@H](C)[NH3+])O
94381-1	E	2,3-dinor 11B-PG F2a	DictMol	0	2,3-dinor 11B-PG F2a	2,3-dinor-11B-PGF2a	0	CCCCC[C@@H](/C=C/[C@H]1[C@H](C[C@@H]([C@@H]1CC(=O)CCC(=O)O)O)O)O
94381-1	E	2,3-dinor 11B-PG F2a	DictMol	0	2,3-dinor 11B-PG F2a	2,3-dinor-11B-PGF2a	0	CCCCC[C@@H](/C=C/[C@H]1[C@H](C[C@@H]([C@@H]1CC(=O)CCC(=O)O)O)O)O
94381-1	E	2,3-dinor 11B-PG F2a	DictMol	0	2,3-dinor 11B-PG F2a	2,3-dinor-11B-PGF2a	0	CCCCC[C@@H](/C=C/[C@H]1[C@H](C[C@@H]([C@@H]1CC(=O)CCC(=O)O)O)O)O
94381-1	E	2,3-dinor 11B-PG F2a	DictMol	0	2,3-dinor 11B-PG F2a	2,3-dinor-11B-PGF2a	0	CCCCC[C@@H](/C=C/[C@H]1[C@H](C[C@@H]([C@@H]1CC(=O)CCC(=O)O)O)O)O
94381-1	E	2,3-dinor 11B-PG F2a	DictMol	0	2,3-dinor 11B-PG F2a	2,3-dinor-11B-PGF2a	0	CCCCC[C@@H](/C=C/[C@H]1[C@H](C[C@@H]([C@@H]1CC(=O)CCC(=O)O)O)O)O
9308-8	E	DNPH	DictMol	0	DNPH	DNPH	0	C1=CC(=C(C=C1[N+](=O)[O-])[N+](=O)[O-])NN
9308-8	E	DNPH	DictMol	0	DNPH	DNPH	0	C1=CC(=C(C=C1[N+](=O)[O-])[N+](=O)[O-])NN
80165-4	E	Amino	A	2	Amino	Amino	0	
80165-4	E	Amino	A	2	Amino	Amino	0	
49826-1	E	estrone	DictMol	4	estrone	estrone	0	C[C@@]12CC[C@@H]3C4C=CC(O)=CC=4CC[C@H]3[C@@H]2CCC1=O
49826-1	E	estrone	DictMol	4	estrone	estrone	0	C[C@@]12CC[C@@H]3C4C=CC(O)=CC=4CC[C@H]3[C@@H]2CCC1=O
49826-1	E	estrone	DictMol	4	estrone	estrone	0	C[C@@]12CC[C@@H]3C4C=CC(O)=CC=4CC[C@H]3[C@@H]2CCC1=O
49827-9	E	estrone	DictMol	4	estrone	estrone	0	C[C@@]12CC[C@@H]3C4C=CC(O)=CC=4CC[C@H]3[C@@H]2CCC1=O
79482-6	E	hMPP	DictMol	0	hMPP	hMPP	0	CC(C)(C(=O)C1=CC=CC=C1)O
79482-6	E	hMPP	DictMol	0	hMPP	hMPP	0	CC(C)(C(=O)C1=CC=CC=C1)O
79482-6	E	hMPP	DictMol	0	hMPP	hMPP	0	CC(C)(C(=O)C1=CC=CC=C1)O
79480-0	E	DHCA	DictMol	4	DHCA	DHCA	0	COC1=C(C=CC(=C1)CCCO)O
79480-0	E	DHCA	DictMol	4	DHCA	DHCA	0	COC1=C(C=CC(=C1)CCCO)O
79480-0	E	DHCA	DictMol	4	DHCA	DHCA	0	COC1=C(C=CC(=C1)CCCO)O
79480-0	E	DHCA	DictMol	4	DHCA	DHCA	0	COC1=C(C=CC(=C1)CCCO)O
72403-9	E	25(OH)D3	DictMol	6	25(OH)D3	25(OH)D3	0	C[C@H](CCCC(C)(C)O)[C@H]1CC[C@@H]\2[C@@]1(CCC/C2=C\C=C/3\C[C@H](CCC3=C)O)C
72403-9	E	25(OH)D3	DictMol	6	25(OH)D3	25(OH)D3	0	C[C@H](CCCC(C)(C)O)[C@H]1CC[C@@H]\2[C@@]1(CCC/C2=C\C=C/3\C[C@H](CCC3=C)O)C
72403-9	E	25(OH)D3	DictMol	6	25(OH)D3	25(OH)D3	0	C[C@H](CCCC(C)(C)O)[C@H]1CC[C@@H]\2[C@@]1(CCC/C2=C\C=C/3\C[C@H](CCC3=C)O)C
72888-1	E	25(OH)D3	DictMol	6	25(OH)D3	25(OH)D3	0	C[C@H](CCCC(C)(C)O)[C@H]1CC[C@@H]\2[C@@]1(CCC/C2=C\C=C/3\C[C@H](CCC3=C)O)C
48082-2	E	lactone	G	16	lactone	lactone	0	
48082-2	E	lactone	G	16	lactone	lactone	0	
21042-7	E	3OH-dodecanoate	DictMol	0	3OH-dodecanoate	3-OH-dodecanoate	0	CCCCCCCCC[C@H](CC(=O)O)O
21042-7	E	3OH-dodecanoate	DictMol	0	3OH-dodecanoate	3-OH-dodecanoate	0	CCCCCCCCC[C@H](CC(=O)O)O
21042-7	E	3OH-dodecanoate	DictMol	0	3OH-dodecanoate	3-OH-dodecanoate	0	CCCCCCCCC[C@H](CC(=O)O)O
21042-7	E	3OH-dodecanoate	DictMol	0	3OH-dodecanoate	3-OH-dodecanoate	0	CCCCCCCCC[C@H](CC(=O)O)O
48753-8	E	3OH-dodecanoate	DictMol	0	3OH-dodecanoate	3-OH-dodecanoate	0	CCCCCCCCC[C@H](CC(=O)O)O
74430-0	E	kynurenin	DictMol	4	kynurenin	kynurenin	0	COC1C=CC(N)=C(C(=O)CC(NC(C)=O)C(=O)O)C=1
101991-8	E	3-HPMA	DictMol	0	3-HPMA	3-HPMA	0	CC(=O)N[C@@H](CSCCCO)C(=O)O
101991-8	E	3-HPMA	DictMol	0	3-HPMA	3-HPMA	0	CC(=O)N[C@@H](CSCCCO)C(=O)O
101991-8	E	3-HPMA	DictMol	0	3-HPMA	3-HPMA	0	CC(=O)N[C@@H](CSCCCO)C(=O)O
101991-8	E	3-HPMA	DictMol	0	3-HPMA	3-HPMA	0	CC(=O)N[C@@H](CSCCCO)C(=O)O
79268-9	E	trimethyl-L-lysine	DictMol	4	trimethyl-L-lysine	trimethylLlysine	0	C[N+](C)(C)CCCC[C@@H](C(=O)O)N
79268-9	E	trimethyl-L-lysine	DictMol	4	trimethyl-L-lysine	trimethylLlysine	0	C[N+](C)(C)CCCC[C@@H](C(=O)O)N
79268-9	E	trimethyl-L-lysine	DictMol	4	trimethyl-L-lysine	trimethylLlysine	0	C[N+](C)(C)CCCC[C@@H](C(=O)O)N
79268-9	E	trimethyl-L-lysine	DictMol	4	trimethyl-L-lysine	trimethylLlysine	0	C[N+](C)(C)CCCC[C@@H](C(=O)O)N
79268-9	E	trimethyl-L-lysine	DictMol	4	trimethyl-L-lysine	trimethylLlysine	0	C[N+](C)(C)CCCC[C@@H](C(=O)O)N
79268-9	E	trimethyl-L-lysine	DictMol	4	trimethyl-L-lysine	trimethylLlysine	0	C[N+](C)(C)CCCC[C@@H](C(=O)O)N
79272-1	E	trimethyl-L-lysine	DictMol	4	trimethyl-L-lysine	trimethylLlysine	0	C[N+](C)(C)CCCC[C@@H](C(=O)O)N
79272-1	E	trimethyl-L-lysine	DictMol	4	trimethyl-L-lysine	trimethylLlysine	0	C[N+](C)(C)CCCC[C@@H](C(=O)O)N
79272-1	E	trimethyl-L-lysine	DictMol	4	trimethyl-L-lysine	trimethylLlysine	0	C[N+](C)(C)CCCC[C@@H](C(=O)O)N
79272-1	E	trimethyl-L-lysine	DictMol	4	trimethyl-L-lysine	trimethylLlysine	0	C[N+](C)(C)CCCC[C@@H](C(=O)O)N
101175-8	E	3-MT	DictMol	5	3-MT	3-MT	0	COC1=C(C=CC(=C1)CCN)O
101175-8	E	3-MT	DictMol	5	3-MT	3-MT	0	COC1=C(C=CC(=C1)CCN)O
101175-8	E	3-MT	DictMol	5	3-MT	3-MT	0	COC1=C(C=CC(=C1)CCN)O
79652-4	E	carboxamide	G	19	carboxamide	carboxamide	0	
79652-4	E	carboxamide	G	19	carboxamide	carboxamide	0	
79652-4	E	carboxamide	G	19	carboxamide	carboxamide	0	
79652-4	E	carboxamide	G	19	carboxamide	carboxamide	0	
79652-4	E	carboxamide	G	19	carboxamide	carboxamide	0	
79652-4	E	carboxamide	G	19	carboxamide	carboxamide	0	
80160-5	E	tetrol	G	24	tetrol	tetrol	0	
1696-4	E	Hcys	DictMol	6	Hcys	Hcys	0	C(C(C(=O)O)N)S
1696-4	E	Hcys	DictMol	6	Hcys	Hcys	0	C(C(C(=O)O)N)S
13611-9	E	Cortisol	DictMol	6	Cortisol	Cortisol	0	C[C@@]12CCC(=O)C=C2CC[C@@H]2[C@@H]1[C@@H](O)C[C@@]1(C)[C@H]2CC[C@]1(O)C(=O)CO
100152-8	E	oxo	A	2	oxo	oxo	0	
100152-8	E	oxo	A	2	oxo	oxo	0	
100152-8	E	oxo	A	2	oxo	oxo	0	
100152-8	E	oxo	A	2	oxo	oxo	0	
100152-8	E	oxo	A	2	oxo	oxo	0	
100152-8	E	oxo	A	2	oxo	oxo	0	
100152-8	E	oxo	A	2	oxo	oxo	0	
100152-8	E	oxo	A	2	oxo	oxo	0	
79323-2	E	7-Isobiopterin	DictMol	0	7-Isobiopterin	7-Isobiopterin	0	CC(C(C1=CN=C2C(=O)NC(=NC2=N1)N)O)O
79323-2	E	7-Isobiopterin	DictMol	0	7-Isobiopterin	7-Isobiopterin	0	CC(C(C1=CN=C2C(=O)NC(=NC2=N1)N)O)O
79323-2	E	7-Isobiopterin	DictMol	0	7-Isobiopterin	7-Isobiopterin	0	CC(C(C1=CN=C2C(=O)NC(=NC2=N1)N)O)O
79323-2	E	7-Isobiopterin	DictMol	0	7-Isobiopterin	7-Isobiopterin	0	CC(C(C1=CN=C2C(=O)NC(=NC2=N1)N)O)O
79323-2	E	7-Isobiopterin	DictMol	0	7-Isobiopterin	7-Isobiopterin	0	CC(C(C1=CN=C2C(=O)NC(=NC2=N1)N)O)O
92764-0	E	Ketochol	DictMol	2	Ketochol	Ketochol	0	C[C@H](CCC(=O)O)[C@H]1CC[C@@H]2[C@@]1(C(=O)C[C@H]3[C@H]2C(=O)C[C@H]4[C@@]3(CCC(=O)C4)C)C
92764-0	E	Ketochol	DictMol	2	Ketochol	Ketochol	0	C[C@H](CCC(=O)O)[C@H]1CC[C@@H]2[C@@]1(C(=O)C[C@H]3[C@H]2C(=O)C[C@H]4[C@@]3(CCC(=O)C4)C)C
92764-0	E	Ketochol	DictMol	2	Ketochol	Ketochol	0	C[C@H](CCC(=O)O)[C@H]1CC[C@@H]2[C@@]1(C(=O)C[C@H]3[C@H]2C(=O)C[C@H]4[C@@]3(CCC(=O)C4)C)C
92764-0	E	Ketochol	DictMol	2	Ketochol	Ketochol	0	C[C@H](CCC(=O)O)[C@H]1CC[C@@H]2[C@@]1(C(=O)C[C@H]3[C@H]2C(=O)C[C@H]4[C@@]3(CCC(=O)C4)C)C
79277-0	E	lathosterol	DictMol	2	lathosterol	lathosterol	0	C[C@H](CCCC(C)C)[C@H]1CC[C@@H]2[C@@]1(CC[C@H]3C2=CC[C@@H]4[C@@]3(CC[C@@H](C4)O)C)C
79277-0	E	lathosterol	DictMol	2	lathosterol	lathosterol	0	C[C@H](CCCC(C)C)[C@H]1CC[C@@H]2[C@@]1(CC[C@H]3C2=CC[C@@H]4[C@@]3(CC[C@@H](C4)O)C)C
34671-8	E	8-DHC	DictMol	0	8-DHC	8-DHC	0	C[C@H](CCCC(C)C)[C@H]1CC[C@@H]2[C@@]1(CCC3=C2CC=C4[C@@]3(CC[C@@H](C4)O)C)C
79278-8	E	lathosterol	DictMol	2	lathosterol	lathosterol	0	C[C@H](CCCC(C)C)[C@H]1CC[C@@H]2[C@@]1(CC[C@H]3C2=CC[C@@H]4[C@@]3(CC[C@@H](C4)O)C)C
79278-8	E	lathosterol	DictMol	2	lathosterol	lathosterol	0	C[C@H](CCCC(C)C)[C@H]1CC[C@@H]2[C@@]1(CC[C@H]3C2=CC[C@@H]4[C@@]3(CC[C@@H](C4)O)C)C
24043-2	E	AcCoA	DictMol	0	AcCoA	AcCoA	0	CC(=O)SCCNC(=O)CCNC(=O)[C@@H](C(C)(C)COP(=O)(O)OP(=O)(O)OC[C@@H]1[C@H]([C@H]([C@@H](O1)N2C=NC3=C(N=CN=C32)N)O)OP(=O)(O)O)O
24043-2	E	Glucosamine AT	DictMol	6	Glucosamine AT	GlucosaminATe	0	C([C@H]([C@H]([C@@H]([C@H](C(=O)O)N)O)O)O)O
24043-2	E	AcCoA	DictMol	0	AcCoA	AcCoA	0	CC(=O)SCCNC(=O)CCNC(=O)[C@@H](C(C)(C)COP(=O)(O)OP(=O)(O)OC[C@@H]1[C@H]([C@H]([C@@H](O1)N2C=NC3=C(N=CN=C32)N)O)OP(=O)(O)O)O
24043-2	E	Glucosamine AT	DictMol	6	Glucosamine AT	GlucosaminATe	0	C([C@H]([C@H]([C@@H]([C@H](C(=O)O)N)O)O)O)O
24043-2	E	AcCoA	DictMol	0	AcCoA	AcCoA	0	CC(=O)SCCNC(=O)CCNC(=O)[C@@H](C(C)(C)COP(=O)(O)OP(=O)(O)OC[C@@H]1[C@H]([C@H]([C@@H](O1)N2C=NC3=C(N=CN=C32)N)O)OP(=O)(O)O)O
24043-2	E	Glucosamine AT	DictMol	6	Glucosamine AT	GlucosaminATe	0	C([C@H]([C@H]([C@@H]([C@H](C(=O)O)N)O)O)O)O
24043-2	E	AcCoA	DictMol	0	AcCoA	AcCoA	0	CC(=O)SCCNC(=O)CCNC(=O)[C@@H](C(C)(C)COP(=O)(O)OP(=O)(O)OC[C@@H]1[C@H]([C@H]([C@@H](O1)N2C=NC3=C(N=CN=C32)N)O)OP(=O)(O)O)O
24043-2	E	Glucosamine AT	DictMol	6	Glucosamine AT	GlucosaminATe	0	C([C@H]([C@H]([C@@H]([C@H](C(=O)O)N)O)O)O)O
59249-3	E	Acyl	G	14	Acyl	Acyl	0	
11035-3	E	Adenylate	DictMol	0	Adenylate	Adenylate	0	C1=NC(=C2C(=N1)N(C=N2)[C@H]3[C@@H]([C@@H]([C@H](O3)COP(=O)(O)O)O)O)N
11035-3	E	Adenylate	DictMol	0	Adenylate	Adenylate	0	C1=NC(=C2C(=N1)N(C=N2)[C@H]3[C@@H]([C@@H]([C@H](O3)COP(=O)(O)O)O)O)N
21056-7	E	Amino Acids	G	0	Amino Acids	Amino Acids	0	
21056-7	E	Amino Acids	G	0	Amino Acids	Amino Acids	0	
21057-5	E	Amino Acids	G	0	Amino Acids	Amino Acids	0	
1771-5	E	Ester	G	16	Ester	Ester	0	
82220-5	E	Alkyl	G	0	Alkyl	Alkyl	0	
82220-5	E	DHAP	DictMol	6	DHAP	DHAP	0	C(C(=O)COP(=O)(O)O)O
82220-5	E	Alkyl	G	0	Alkyl	Alkyl	0	
82220-5	E	DHAP	DictMol	6	DHAP	DHAP	0	C(C(=O)COP(=O)(O)O)O
82220-5	E	Alkyl	G	0	Alkyl	Alkyl	0	
82220-5	E	DHAP	DictMol	6	DHAP	DHAP	0	C(C(=O)COP(=O)(O)O)O
82220-5	E	Alkyl	G	0	Alkyl	Alkyl	0	
82220-5	E	DHAP	DictMol	6	DHAP	DHAP	0	C(C(=O)COP(=O)(O)O)O
82220-5	E	Alkyl	G	0	Alkyl	Alkyl	0	
82220-5	E	DHAP	DictMol	6	DHAP	DHAP	0	C(C(=O)COP(=O)(O)O)O
82220-5	E	Alkyl	G	0	Alkyl	Alkyl	0	
82220-5	E	DHAP	DictMol	6	DHAP	DHAP	0	C(C(=O)COP(=O)(O)O)O
82220-5	E	Alkyl	G	0	Alkyl	Alkyl	0	
82220-5	E	DHAP	DictMol	6	DHAP	DHAP	0	C(C(=O)COP(=O)(O)O)O
82220-5	E	Alkyl	G	0	Alkyl	Alkyl	0	
82220-5	E	DHAP	DictMol	6	DHAP	DHAP	0	C(C(=O)COP(=O)(O)O)O
1784-8	E	Nitrogen	E	5	Nitrogen	Nitrogen	0	
1784-8	E	Nitrogen	E	5	Nitrogen	Nitrogen	0	
79279-6	E	Alpha-AASA	DictMol	0	Alpha-AASA	Alpha-AASA	0	C(CC=O)C[C@@H](C(=O)O)N
94718-4	E	defensins	DictMol	6	defensins	defensins	0	C[C@@H](C(=O)N[C@@H](CCC(=O)O)C(=O)N[C@@H](CC(=O)O)C(=O)N[C@@H](CCC(=O)O)C(=O)N[C@@H](CO)C(=O)N[C@@H](C)C(=O)N[C@@H](CCC(=O)O)C(=O)N[C@@H](C)C(=O)N[C@@H](CC1=CC=CC=C1)C(=O)N2CCC[C@H]2C(=O)N[C@@H](CC(C)C)C(=O)N[C@@H](CCC(=O)O)C(=O)O)NC(=O)CNC(=O)[C@H](CC(=O)N)NC(=O)[C@@H]3CCCN3C(=O)[C@H](CC4=CC=C(C=C4)O)NC(=O)[C@H](C(C)C)NC(=O)[C@H](CCCCN)NC(=O)[C@H](C(C)C)NC(=O)[C@@H]5CCCN5C(=O)[C@H](CCCNC(=N)N)NC(=O)[C@H](CCCNC(=N)N)NC(=O)[C@H](CCCCN)NC(=O)[C@H](CCCCN)NC(=O)CNC(=O)[C@H](C(C)C)NC(=O)[C@@H]6CCCN6C(=O)[C@H](CCCCN)NC(=O)CNC(=O)[C@H](CC7=CNC8=CC=CC=C87)NC(=O)[C@H](CCCNC(=N)N)NC(=O)[C@H](CC9=CC=CC=C9)N
94718-4	E	defensins	DictMol	6	defensins	defensins	0	C[C@@H](C(=O)N[C@@H](CCC(=O)O)C(=O)N[C@@H](CC(=O)O)C(=O)N[C@@H](CCC(=O)O)C(=O)N[C@@H](CO)C(=O)N[C@@H](C)C(=O)N[C@@H](CCC(=O)O)C(=O)N[C@@H](C)C(=O)N[C@@H](CC1=CC=CC=C1)C(=O)N2CCC[C@H]2C(=O)N[C@@H](CC(C)C)C(=O)N[C@@H](CCC(=O)O)C(=O)O)NC(=O)CNC(=O)[C@H](CC(=O)N)NC(=O)[C@@H]3CCCN3C(=O)[C@H](CC4=CC=C(C=C4)O)NC(=O)[C@H](C(C)C)NC(=O)[C@H](CCCCN)NC(=O)[C@H](C(C)C)NC(=O)[C@@H]5CCCN5C(=O)[C@H](CCCNC(=N)N)NC(=O)[C@H](CCCNC(=N)N)NC(=O)[C@H](CCCCN)NC(=O)[C@H](CCCCN)NC(=O)CNC(=O)[C@H](C(C)C)NC(=O)[C@@H]6CCCN6C(=O)[C@H](CCCCN)NC(=O)CNC(=O)[C@H](CC7=CNC8=CC=CC=C87)NC(=O)[C@H](CCCNC(=N)N)NC(=O)[C@H](CC9=CC=CC=C9)N
94718-4	E	defensins	DictMol	6	defensins	defensins	0	C[C@@H](C(=O)N[C@@H](CCC(=O)O)C(=O)N[C@@H](CC(=O)O)C(=O)N[C@@H](CCC(=O)O)C(=O)N[C@@H](CO)C(=O)N[C@@H](C)C(=O)N[C@@H](CCC(=O)O)C(=O)N[C@@H](C)C(=O)N[C@@H](CC1=CC=CC=C1)C(=O)N2CCC[C@H]2C(=O)N[C@@H](CC(C)C)C(=O)N[C@@H](CCC(=O)O)C(=O)O)NC(=O)CNC(=O)[C@H](CC(=O)N)NC(=O)[C@@H]3CCCN3C(=O)[C@H](CC4=CC=C(C=C4)O)NC(=O)[C@H](C(C)C)NC(=O)[C@H](CCCCN)NC(=O)[C@H](C(C)C)NC(=O)[C@@H]5CCCN5C(=O)[C@H](CCCNC(=N)N)NC(=O)[C@H](CCCNC(=N)N)NC(=O)[C@H](CCCCN)NC(=O)[C@H](CCCCN)NC(=O)CNC(=O)[C@H](C(C)C)NC(=O)[C@@H]6CCCN6C(=O)[C@H](CCCCN)NC(=O)CNC(=O)[C@H](CC7=CNC8=CC=CC=C87)NC(=O)[C@H](CCCNC(=N)N)NC(=O)[C@H](CC9=CC=CC=C9)N
94718-4	E	defensins	DictMol	6	defensins	defensins	0	C[C@@H](C(=O)N[C@@H](CCC(=O)O)C(=O)N[C@@H](CC(=O)O)C(=O)N[C@@H](CCC(=O)O)C(=O)N[C@@H](CO)C(=O)N[C@@H](C)C(=O)N[C@@H](CCC(=O)O)C(=O)N[C@@H](C)C(=O)N[C@@H](CC1=CC=CC=C1)C(=O)N2CCC[C@H]2C(=O)N[C@@H](CC(C)C)C(=O)N[C@@H](CCC(=O)O)C(=O)O)NC(=O)CNC(=O)[C@H](CC(=O)N)NC(=O)[C@@H]3CCCN3C(=O)[C@H](CC4=CC=C(C=C4)O)NC(=O)[C@H](C(C)C)NC(=O)[C@H](CCCCN)NC(=O)[C@H](C(C)C)NC(=O)[C@@H]5CCCN5C(=O)[C@H](CCCNC(=N)N)NC(=O)[C@H](CCCNC(=N)N)NC(=O)[C@H](CCCCN)NC(=O)[C@H](CCCCN)NC(=O)CNC(=O)[C@H](C(C)C)NC(=O)[C@@H]6CCCN6C(=O)[C@H](CCCCN)NC(=O)CNC(=O)[C@H](CC7=CNC8=CC=CC=C87)NC(=O)[C@H](CCCNC(=N)N)NC(=O)[C@H](CC9=CC=CC=C9)N
94718-4	E	defensins	DictMol	6	defensins	defensins	0	C[C@@H](C(=O)N[C@@H](CCC(=O)O)C(=O)N[C@@H](CC(=O)O)C(=O)N[C@@H](CCC(=O)O)C(=O)N[C@@H](CO)C(=O)N[C@@H](C)C(=O)N[C@@H](CCC(=O)O)C(=O)N[C@@H](C)C(=O)N[C@@H](CC1=CC=CC=C1)C(=O)N2CCC[C@H]2C(=O)N[C@@H](CC(C)C)C(=O)N[C@@H](CCC(=O)O)C(=O)O)NC(=O)CNC(=O)[C@H](CC(=O)N)NC(=O)[C@@H]3CCCN3C(=O)[C@H](CC4=CC=C(C=C4)O)NC(=O)[C@H](C(C)C)NC(=O)[C@H](CCCCN)NC(=O)[C@H](C(C)C)NC(=O)[C@@H]5CCCN5C(=O)[C@H](CCCNC(=N)N)NC(=O)[C@H](CCCNC(=N)N)NC(=O)[C@H](CCCCN)NC(=O)[C@H](CCCCN)NC(=O)CNC(=O)[C@H](C(C)C)NC(=O)[C@@H]6CCCN6C(=O)[C@H](CCCCN)NC(=O)CNC(=O)[C@H](CC7=CNC8=CC=CC=C87)NC(=O)[C@H](CCCNC(=N)N)NC(=O)[C@H](CC9=CC=CC=C9)N
94718-4	E	defensins	DictMol	6	defensins	defensins	0	C[C@@H](C(=O)N[C@@H](CCC(=O)O)C(=O)N[C@@H](CC(=O)O)C(=O)N[C@@H](CCC(=O)O)C(=O)N[C@@H](CO)C(=O)N[C@@H](C)C(=O)N[C@@H](CCC(=O)O)C(=O)N[C@@H](C)C(=O)N[C@@H](CC1=CC=CC=C1)C(=O)N2CCC[C@H]2C(=O)N[C@@H](CC(C)C)C(=O)N[C@@H](CCC(=O)O)C(=O)O)NC(=O)CNC(=O)[C@H](CC(=O)N)NC(=O)[C@@H]3CCCN3C(=O)[C@H](CC4=CC=C(C=C4)O)NC(=O)[C@H](C(C)C)NC(=O)[C@H](CCCCN)NC(=O)[C@H](C(C)C)NC(=O)[C@@H]5CCCN5C(=O)[C@H](CCCNC(=N)N)NC(=O)[C@H](CCCNC(=N)N)NC(=O)[C@H](CCCCN)NC(=O)[C@H](CCCCN)NC(=O)CNC(=O)[C@H](C(C)C)NC(=O)[C@@H]6CCCN6C(=O)[C@H](CCCCN)NC(=O)CNC(=O)[C@H](CC7=CNC8=CC=CC=C87)NC(=O)[C@H](CCCNC(=N)N)NC(=O)[C@H](CC9=CC=CC=C9)N
94718-4	E	defensins	DictMol	6	defensins	defensins	0	C[C@@H](C(=O)N[C@@H](CCC(=O)O)C(=O)N[C@@H](CC(=O)O)C(=O)N[C@@H](CCC(=O)O)C(=O)N[C@@H](CO)C(=O)N[C@@H](C)C(=O)N[C@@H](CCC(=O)O)C(=O)N[C@@H](C)C(=O)N[C@@H](CC1=CC=CC=C1)C(=O)N2CCC[C@H]2C(=O)N[C@@H](CC(C)C)C(=O)N[C@@H](CCC(=O)O)C(=O)O)NC(=O)CNC(=O)[C@H](CC(=O)N)NC(=O)[C@@H]3CCCN3C(=O)[C@H](CC4=CC=C(C=C4)O)NC(=O)[C@H](C(C)C)NC(=O)[C@H](CCCCN)NC(=O)[C@H](C(C)C)NC(=O)[C@@H]5CCCN5C(=O)[C@H](CCCNC(=N)N)NC(=O)[C@H](CCCNC(=N)N)NC(=O)[C@H](CCCCN)NC(=O)[C@H](CCCCN)NC(=O)CNC(=O)[C@H](C(C)C)NC(=O)[C@@H]6CCCN6C(=O)[C@H](CCCCN)NC(=O)CNC(=O)[C@H](CC7=CNC8=CC=CC=C87)NC(=O)[C@H](CCCNC(=N)N)NC(=O)[C@H](CC9=CC=CC=C9)N
94718-4	E	defensins	DictMol	6	defensins	defensins	0	C[C@@H](C(=O)N[C@@H](CCC(=O)O)C(=O)N[C@@H](CC(=O)O)C(=O)N[C@@H](CCC(=O)O)C(=O)N[C@@H](CO)C(=O)N[C@@H](C)C(=O)N[C@@H](CCC(=O)O)C(=O)N[C@@H](C)C(=O)N[C@@H](CC1=CC=CC=C1)C(=O)N2CCC[C@H]2C(=O)N[C@@H](CC(C)C)C(=O)N[C@@H](CCC(=O)O)C(=O)O)NC(=O)CNC(=O)[C@H](CC(=O)N)NC(=O)[C@@H]3CCCN3C(=O)[C@H](CC4=CC=C(C=C4)O)NC(=O)[C@H](C(C)C)NC(=O)[C@H](CCCCN)NC(=O)[C@H](C(C)C)NC(=O)[C@@H]5CCCN5C(=O)[C@H](CCCNC(=N)N)NC(=O)[C@H](CCCNC(=N)N)NC(=O)[C@H](CCCCN)NC(=O)[C@H](CCCCN)NC(=O)CNC(=O)[C@H](C(C)C)NC(=O)[C@@H]6CCCN6C(=O)[C@H](CCCCN)NC(=O)CNC(=O)[C@H](CC7=CNC8=CC=CC=C87)NC(=O)[C@H](CCCNC(=N)N)NC(=O)[C@H](CC9=CC=CC=C9)N
35164-3	E	Linolenate	DictMol	2	Linolenate	Linolenate	0	CC/C=C\C/C=C\C/C=C\CCCCCCCC(=O)O
35164-3	E	Linolenate	DictMol	2	Linolenate	Linolenate	0	CC/C=C\C/C=C\C/C=C\CCCCCCCC(=O)O
35164-3	E	Linolenate	DictMol	2	Linolenate	Linolenate	0	CC/C=C\C/C=C\C/C=C\CCCCCCCC(=O)O
1820-0	E	A-MSH	DictMol	0	A-MSH	A-MSH	0	CC(C)C(C(=O)N)NC(=O)C1CCCN1C(=O)C(CCCCN)NC(=O)CNC(=O)C(CC2=CNC3=CC=CC=C32)NC(=O)C(CCCNC(=N)N)NC(=O)C(CC4=CC=CC=C4)NC(=O)C(CC5=CN=CN5)NC(=O)C(CCC(=O)O)NC(=O)C(CCSC)NC(=O)C(CO)NC(=O)C(CC6=CC=C(C=C6)O)NC(=O)C(CO)NC(=O)C
1820-0	E	A-MSH	DictMol	0	A-MSH	A-MSH	0	CC(C)C(C(=O)N)NC(=O)C1CCCN1C(=O)C(CCCCN)NC(=O)CNC(=O)C(CC2=CNC3=CC=CC=C32)NC(=O)C(CCCNC(=N)N)NC(=O)C(CC4=CC=CC=C4)NC(=O)C(CC5=CN=CN5)NC(=O)C(CCC(=O)O)NC(=O)C(CCSC)NC(=O)C(CO)NC(=O)C(CC6=CC=C(C=C6)O)NC(=O)C(CO)NC(=O)C
14590-4	E	Tocopherol	G	2	Tocopherol	Tocopherol	0	
44076-8	E	Tocopherol	G	8	Tocopherol	Tocopherol	0	
46733-2	E	Amino	A	0	Amino	Amino	0	
57710-6	E	Amino	A	0	Amino	Amino	0	
1843-2	E	Ammonia	E	0	Ammonia	Ammonia	0	
1843-2	E	nitrogen	E	8	nitrogen	nitrogen	0	
14599-5	E	Ammonium	E	0	Ammonium	Ammonium	0	
43977-8	E	Anabolic Steroids	G	0	Anabolic Steroids	Anabolic Steroids	0	
24125-7	E	Androgen	G	0	Androgen	Androgen	0	
24125-7	E	Androgen	G	0	Androgen	Androgen	0	
24125-7	E	Androgen	G	0	Androgen	Androgen	0	
24125-7	E	Androgen	G	0	Androgen	Androgen	0	
24125-7	E	Androgen	G	0	Androgen	Androgen	0	
13882-6	E	Androstanolone	DictMol	0	Androstanolone	Androstanolone	0	C[C@@]12CCC(=O)C[C@@H]2CC[C@@H]2[C@@H]1CC[C@]1(C)[C@@H](O)CC[C@@H]21
15031-8	E	Angiotensin I	DictMol	0	Angiotensin I	Angiotensin I	0	CC[C@H](C)[C@@H](C(=O)N[C@@H](CC1=CN=CN1)C(=O)N2CCC[C@H]2C(=O)N[C@@H](CC3=CC=CC=C3)C(=O)N[C@@H](CC4=CN=CN4)C(=O)N[C@@H](CC(C)C)C(=O)O)NC(=O)[C@H](CC5=CC=C(C=C5)O)NC(=O)[C@H](C(C)C)NC(=O)[C@H](CCCN=C(N)N)NC(=O)[C@H](CC(=O)O)N
15032-6	E	Angiotensin II	DictMol	0	Angiotensin II	Angiotensin II	0	CC[C@H](C)[C@@H](C(=O)N[C@@H](CC1=CNC=N1)C(=O)N1CCC[C@H]1C(=O)N[C@@H](CC1C=CC=CC=1)C(=O)O)NC(=O)[C@H](CC1C=CC(=CC=1)O)NC(=O)[C@H](C(C)C)NC(=O)[C@H](CCCN=C(N)N)NC(=O)[C@H](CC(=O)O)N
13386-8	E	Anserine	DictMol	0	Anserine	Anserine	0	CN1C=NC=C1C[C@@H](C(=O)O)NC(=O)CCN
15133-2	E	Amino Acids	G	0	Amino Acids	Amino Acids	0	
15133-2	E	Amino Acids	G	0	Amino Acids	Amino Acids	0	
90915-0	E	Fatty acids	G	13	Fatty acids	Fatty acids	0	
15136-5	E	Amino Acids	G	0	Amino Acids	Amino Acids	0	
15135-7	E	Amino Acids	G	0	Amino Acids	Amino Acids	0	
79589-8	E	Aspartylglycosamine	DictMol	0	Aspartylglycosamine	Aspartylglycosamine	0	CC(=O)N[C@@H]1[C@H]([C@@H]([C@H](O[C@H]1NC(=O)C[C@@H](C(=O)O)N)CO)O)O
79589-8	E	Aspartylglycosamine	DictMol	0	Aspartylglycosamine	Aspartylglycosamine	0	CC(=O)N[C@@H]1[C@H]([C@@H]([C@H](O[C@H]1NC(=O)C[C@@H](C(=O)O)N)CO)O)O
79589-8	E	Aspartylglycosamine	DictMol	0	Aspartylglycosamine	Aspartylglycosamine	0	CC(=O)N[C@@H]1[C@H]([C@@H]([C@H](O[C@H]1NC(=O)C[C@@H](C(=O)O)N)CO)O)O
79589-8	E	Aspartylglycosamine	DictMol	0	Aspartylglycosamine	Aspartylglycosamine	0	CC(=O)N[C@@H]1[C@H]([C@@H]([C@H](O[C@H]1NC(=O)C[C@@H](C(=O)O)N)CO)O)O
86465-2	E	APRI	DictMol	0	APRI	APRI	0	CC[C@]12CC(=C)[C@H]3[C@H]([C@@H]1CC[C@]2(C#C)O)CCC4=CCCC[C@H]34.C[C@]12CC[C@H]3[C@H]([C@@H]1CC[C@]2(C#C)O)CCC4=C3C=CC(=C4)O
101831-6	E	Beclomethasone	DictMol	0	Beclomethasone	Beclomethasone	0	C[C@H]1C[C@H]2[C@@H]3CCC4=CC(=O)C=C[C@]4(C)[C@@]3(Cl)[C@@H](O)C[C@]2(C)[C@@]1(O)C(=O)CO
101831-6	E	Beclomethasone	DictMol	0	Beclomethasone	Beclomethasone	0	C[C@H]1C[C@H]2[C@@H]3CCC4=CC(=O)C=C[C@]4(C)[C@@]3(Cl)[C@@H](O)C[C@]2(C)[C@@]1(O)C(=O)CO
101831-6	E	Beclomethasone	DictMol	0	Beclomethasone	Beclomethasone	0	C[C@H]1C[C@H]2[C@@H]3CCC4=CC(=O)C=C[C@]4(C)[C@@]3(Cl)[C@@H](O)C[C@]2(C)[C@@]1(O)C(=O)CO
101831-6	E	Beclomethasone	DictMol	0	Beclomethasone	Beclomethasone	0	C[C@H]1C[C@H]2[C@@H]3CCC4=CC(=O)C=C[C@]4(C)[C@@]3(Cl)[C@@H](O)C[C@]2(C)[C@@]1(O)C(=O)CO
101831-6	E	Beclomethasone	DictMol	0	Beclomethasone	Beclomethasone	0	C[C@H]1C[C@H]2[C@@H]3CCC4=CC(=O)C=C[C@]4(C)[C@@]3(Cl)[C@@H](O)C[C@]2(C)[C@@]1(O)C(=O)CO
101831-6	E	Beclomethasone	DictMol	0	Beclomethasone	Beclomethasone	0	C[C@H]1C[C@H]2[C@@H]3CCC4=CC(=O)C=C[C@]4(C)[C@@]3(Cl)[C@@H](O)C[C@]2(C)[C@@]1(O)C(=O)CO
101831-6	E	Beclomethasone	DictMol	0	Beclomethasone	Beclomethasone	0	C[C@H]1C[C@H]2[C@@H]3CCC4=CC(=O)C=C[C@]4(C)[C@@]3(Cl)[C@@H](O)C[C@]2(C)[C@@]1(O)C(=O)CO
101831-6	E	Beclomethasone	DictMol	0	Beclomethasone	Beclomethasone	0	C[C@H]1C[C@H]2[C@@H]3CCC4=CC(=O)C=C[C@]4(C)[C@@]3(Cl)[C@@H](O)C[C@]2(C)[C@@]1(O)C(=O)CO
13368-6	E	B-Alanine	DictMol	0	B-Alanine	B-Alanine	0	C(CN)C(=O)O
13368-6	E	B-Alanine	DictMol	0	B-Alanine	B-Alanine	0	C(CN)C(=O)O
13368-6	E	B-Alanine	DictMol	0	B-Alanine	B-Alanine	0	C(CN)C(=O)O
79598-9	E	B-Alanine	DictMol	0	B-Alanine	B-Alanine	0	C(CN)C(=O)O
11038-7	E	Gamma Tocopherol	DictMol	5	Gamma Tocopherol	Gamma-Tocopherol	0	CC1C(O)=CC2=C(C=1C)O[C@](C)(CCC[C@H](C)CCC[C@H](C)CCCC(C)C)CC2
11038-7	E	Gamma Tocopherol	DictMol	5	Gamma Tocopherol	Gamma-Tocopherol	0	CC1C(O)=CC2=C(C=1C)O[C@](C)(CCC[C@H](C)CCC[C@H](C)CCCC(C)C)CC2
11038-7	E	Gamma Tocopherol	DictMol	5	Gamma Tocopherol	Gamma-Tocopherol	0	CC1C(O)=CC2=C(C=1C)O[C@](C)(CCC[C@H](C)CCC[C@H](C)CCCC(C)C)CC2
1979-4	E	Biopterin	DictMol	0	Biopterin	Biopterin	0	C[C@H]([C@H](C1=CN=C2C(=N1)C(=O)NC(=N2)N)O)O
79282-0	E	Biopterin	DictMol	0	Biopterin	Biopterin	0	C[C@H]([C@H](C1=CN=C2C(=N1)C(=O)NC(=N2)N)O)O
79283-8	E	dicarboxylate	G	4	dicarboxylate	dicarboxylate	0	
79283-8	E	dicarboxylate	G	4	dicarboxylate	dicarboxylate	0	
79283-8	E	dicarboxylate	G	4	dicarboxylate	dicarboxylate	0	
79283-8	E	dicarboxylate	G	4	dicarboxylate	dicarboxylate	0	
79283-8	E	dicarboxylate	G	4	dicarboxylate	dicarboxylate	0	
49543-2	E	Calcidiol	DictMol	11	Calcidiol	Calcidiol	0	C=C1CC[C@H](O)C/C1=C/C=C1\CCC[C@]2(C)[C@@H]([C@H](C)CCCC(C)(C)O)CC[C@@H]12.O
49543-2	E	Calciferol	DictMol	21	Calciferol	Calciferol	0	C=C1CC[C@H](O)C/C1=C/C=C1\CCC[C@]2(C)[C@@H]([C@H](C)/C=C/[C@H](C)C(C)C)CC[C@@H]12
94673-1	E	25(OH)D3	DictMol	0	25(OH)D3	25(OH)D3	0	C[C@H](CCCC(C)(C)O)[C@H]1CC[C@@H]\2[C@@]1(CCC/C2=C\C=C/3\C[C@H](CCC3=C)O)C
94673-1	E	25(OH)D3	DictMol	0	25(OH)D3	25(OH)D3	0	C[C@H](CCCC(C)(C)O)[C@H]1CC[C@@H]\2[C@@]1(CCC/C2=C\C=C/3\C[C@H](CCC3=C)O)C
94673-1	E	25(OH)D3	DictMol	0	25(OH)D3	25(OH)D3	0	C[C@H](CCCC(C)(C)O)[C@H]1CC[C@@H]\2[C@@]1(CCC/C2=C\C=C/3\C[C@H](CCC3=C)O)C
94673-1	E	25(OH)D3	DictMol	0	25(OH)D3	25(OH)D3	0	C[C@H](CCCC(C)(C)O)[C@H]1CC[C@@H]\2[C@@]1(CCC/C2=C\C=C/3\C[C@H](CCC3=C)O)C
94673-1	E	25(OH)D3	DictMol	0	25(OH)D3	25(OH)D3	0	C[C@H](CCCC(C)(C)O)[C@H]1CC[C@@H]\2[C@@]1(CCC/C2=C\C=C/3\C[C@H](CCC3=C)O)C
94673-1	E	25(OH)D3	DictMol	0	25(OH)D3	25(OH)D3	0	C[C@H](CCCC(C)(C)O)[C@H]1CC[C@@H]\2[C@@]1(CCC/C2=C\C=C/3\C[C@H](CCC3=C)O)C
1991-9	E	Calciferol	DictMol	0	Calciferol	Calciferol	0	C=C1CC[C@H](O)C/C1=C/C=C1\CCC[C@]2(C)[C@@H]([C@H](C)/C=C/[C@H](C)C(C)C)CC[C@@H]12
1991-9	E	Calciferol	DictMol	0	Calciferol	Calciferol	0	C=C1CC[C@H](O)C/C1=C/C=C1\CCC[C@]2(C)[C@@H]([C@H](C)/C=C/[C@H](C)C(C)C)CC[C@@H]12
1991-9	E	Calciferol	DictMol	0	Calciferol	Calciferol	0	C=C1CC[C@H](O)C/C1=C/C=C1\CCC[C@]2(C)[C@@H]([C@H](C)/C=C/[C@H](C)C(C)C)CC[C@@H]12
1991-9	E	Calciferol	DictMol	0	Calciferol	Calciferol	0	C=C1CC[C@H](O)C/C1=C/C=C1\CCC[C@]2(C)[C@@H]([C@H](C)/C=C/[C@H](C)C(C)C)CC[C@@H]12
14566-4	E	1,25(OH)2D3	DictMol	0	1,25(OH)2D3	1,25(OH)2D3	0	C[C@H](CCCC(C)(C)O)[C@H]1CC[C@@H]\2[C@@]1(CCC/C2=C\C=C/3\C[C@H](C[C@@H](C3=C)O)O)C
14566-4	E	1,25(OH)2D3	DictMol	0	1,25(OH)2D3	1,25(OH)2D3	0	C[C@H](CCCC(C)(C)O)[C@H]1CC[C@@H]\2[C@@]1(CCC/C2=C\C=C/3\C[C@H](C[C@@H](C3=C)O)O)C
14566-4	E	1,25(OH)2D3	DictMol	0	1,25(OH)2D3	1,25(OH)2D3	0	C[C@H](CCCC(C)(C)O)[C@H]1CC[C@@H]\2[C@@]1(CCC/C2=C\C=C/3\C[C@H](C[C@@H](C3=C)O)O)C
14566-4	E	1,25(OH)2D3	DictMol	0	1,25(OH)2D3	1,25(OH)2D3	0	C[C@H](CCCC(C)(C)O)[C@H]1CC[C@@H]\2[C@@]1(CCC/C2=C\C=C/3\C[C@H](C[C@@H](C3=C)O)O)C
14566-4	E	1,25(OH)2D3	DictMol	0	1,25(OH)2D3	1,25(OH)2D3	0	C[C@H](CCCC(C)(C)O)[C@H]1CC[C@@H]\2[C@@]1(CCC/C2=C\C=C/3\C[C@H](C[C@@H](C3=C)O)O)C
12511-2	E	Calcium	E	0	Calcium	Calcium	0	
12511-2	E	Calcium	E	0	Calcium	Calcium	0	
12511-2	E	Calcium	E	0	Calcium	Calcium	0	
12511-2	E	Calcium	E	0	Calcium	Calcium	0	
30527-6	E	Calcium	E	0	Calcium	Calcium	0	
29265-6	E	Calcium	E	0	Calcium	Calcium	0	
18281-6	E	Calcium	E	0	Calcium	Calcium	0	
63550-8	E	Calcium	E	0	Calcium	Calcium	0	
63550-8	E	magnesium	E	8	magnesium	magnesium	0	
2013-1	E	Ag50	DictMol	7	Ag50	Ag50	0	C[C@@]12CC[C@H]([C@@]([C@H]1CCC(=C)[C@H]2C/C=C/3\[C@@H](COC3=O)O)(C)OC(C4=CC=CC=C4)(C5=CC=CC=C5)C6=CC=CC=C6)O
2013-1	E	Ag50	DictMol	7	Ag50	Ag50	0	C[C@@]12CC[C@H]([C@@]([C@H]1CCC(=C)[C@H]2C/C=C/3\[C@@H](COC3=O)O)(C)OC(C4=CC=CC=C4)(C5=CC=CC=C5)C6=CC=CC=C6)O
2013-1	E	Ag50	DictMol	7	Ag50	Ag50	0	C[C@@]12CC[C@H]([C@@]([C@H]1CCC(=C)[C@H]2C/C=C/3\[C@@H](COC3=O)O)(C)OC(C4=CC=CC=C4)(C5=CC=CC=C5)C6=CC=CC=C6)O
2017-2	E	ammonia	E	5	ammonia	ammonia	0	
16550-6	E	Carbohydrates	G	0	Carbohydrates	Carbohydrates	0	
12474-3	E	Carnosine	DictMol	0	Carnosine	Carnosine	0	C1=C(N=CN1)C[C@@H](C(=O)O)NC(=O)CCN
27078-5	E	A-Carotene	DictMol	0	A-Carotene	A-Carotene	0	CC1=C(C(CCC1)(C)C)/C=C/C(=C/C=C/C(=C/C=C/C=C(\C)/C=C/C=C(\C)/C=C/[C@H]2C(=CCCC2(C)C)C)/C)/C
103710-0	E	CDCA	DictMol	0	CDCA	CDCA	0	C[C@H](CCC(=O)O)[C@H]1CC[C@@H]2[C@@]1(CC[C@H]3[C@H]2[C@@H](C[C@H]4[C@@]3(CC[C@H](C4)O)C)O)C
103710-0	E	CDCA	DictMol	0	CDCA	CDCA	0	C[C@H](CCC(=O)O)[C@H]1CC[C@@H]2[C@@]1(CC[C@H]3[C@H]2[C@@H](C[C@H]4[C@@]3(CC[C@H](C4)O)C)O)C
103710-0	E	CDCA	DictMol	0	CDCA	CDCA	0	C[C@H](CCC(=O)O)[C@H]1CC[C@@H]2[C@@]1(CC[C@H]3[C@H]2[C@@H](C[C@H]4[C@@]3(CC[C@H](C4)O)C)O)C
103710-0	E	CDCA	DictMol	0	CDCA	CDCA	0	C[C@H](CCC(=O)O)[C@H]1CC[C@@H]2[C@@]1(CC[C@H]3[C@H]2[C@@H](C[C@H]4[C@@]3(CC[C@H](C4)O)C)O)C
103710-0	E	CDCA	DictMol	0	CDCA	CDCA	0	C[C@H](CCC(=O)O)[C@H]1CC[C@@H]2[C@@]1(CC[C@H]3[C@H]2[C@@H](C[C@H]4[C@@]3(CC[C@H](C4)O)C)O)C
103710-0	E	CDCA	DictMol	0	CDCA	CDCA	0	C[C@H](CCC(=O)O)[C@H]1CC[C@@H]2[C@@]1(CC[C@H]3[C@H]2[C@@H](C[C@H]4[C@@]3(CC[C@H](C4)O)C)O)C
103710-0	E	CDCA	DictMol	0	CDCA	CDCA	0	C[C@H](CCC(=O)O)[C@H]1CC[C@@H]2[C@@]1(CC[C@H]3[C@H]2[C@@H](C[C@H]4[C@@]3(CC[C@H](C4)O)C)O)C
103710-0	E	CDCA	DictMol	0	CDCA	CDCA	0	C[C@H](CCC(=O)O)[C@H]1CC[C@@H]2[C@@]1(CC[C@H]3[C@H]2[C@@H](C[C@H]4[C@@]3(CC[C@H](C4)O)C)O)C
100745-9	E	Chloride	E	0	Chloride	Chloride	0	
100745-9	E	Chloride	E	0	Chloride	Chloride	0	
100745-9	E	Chloride	E	0	Chloride	Chloride	0	
100745-9	E	Chloride	E	0	Chloride	Chloride	0	
1990-1	E	Vitamin D3	DictMol	0	Vitamin D3	Vitamin D3	0	C=C1CC[C@H](O)C/C1=C/C=C1\CCC[C@]2(C)[C@@H]([C@H](C)CCCC(C)C)CC[C@@H]12
1990-1	E	Vitamin D3	DictMol	0	Vitamin D3	Vitamin D3	0	C=C1CC[C@H](O)C/C1=C/C=C1\CCC[C@]2(C)[C@@H]([C@H](C)CCCC(C)C)CC[C@@H]12
1990-1	E	Vitamin D3	DictMol	0	Vitamin D3	Vitamin D3	0	C=C1CC[C@H](O)C/C1=C/C=C1\CCC[C@]2(C)[C@@H]([C@H](C)CCCC(C)C)CC[C@@H]12
1990-1	E	Vitamin D3	DictMol	0	Vitamin D3	Vitamin D3	0	C=C1CC[C@H](O)C/C1=C/C=C1\CCC[C@]2(C)[C@@H]([C@H](C)CCCC(C)C)CC[C@@H]12
1990-1	E	Vitamin D3	DictMol	0	Vitamin D3	Vitamin D3	0	C=C1CC[C@H](O)C/C1=C/C=C1\CCC[C@]2(C)[C@@H]([C@H](C)CCCC(C)C)CC[C@@H]12
2084-2	E	Ester	G	8	Ester	Ester	0	
39357-9	E	Chloride	E	0	Chloride	Chloride	0	
39354-6	E	dibucaine	DictMol	15	dibucaine	dibucaine	0	CCCCOC1C=C(C(=O)NCCN(CC)CC)C2=CC=CC=C2N=1
39355-3	E	Fluoride	E	0	Fluoride	Fluoride	0	
39355-3	E	Fluoride	E	0	Fluoride	Fluoride	0	
39356-1	E	Scoline	DictMol	0	Scoline	Scoline	0	C[N+](C)(C)CCOC(=O)CCC(=O)OCC[N+](C)(C)C.[Cl-].[Cl-]
2100-6	E	Cholylglycine	DictMol	0	Cholylglycine	Cholylglycine	0	C[C@H](CCC(=O)NCC(=O)O)[C@H]1CC[C@H]2[C@@H]3[C@H](O)C[C@@H]4C[C@H](O)CC[C@]4(C)[C@H]3C[C@H](O)[C@]12C
2100-6	E	Cholylglycine	DictMol	0	Cholylglycine	Cholylglycine	0	C[C@H](CCC(=O)NCC(=O)O)[C@H]1CC[C@H]2[C@@H]3[C@H](O)C[C@@H]4C[C@H](O)CC[C@]4(C)[C@H]3C[C@H](O)[C@]12C
2101-4	E	Cholylglycine	DictMol	0	Cholylglycine	Cholylglycine	0	C[C@H](CCC(=O)NCC(=O)O)[C@H]1CC[C@H]2[C@@H]3[C@H](O)C[C@@H]4C[C@H](O)CC[C@]4(C)[C@H]3C[C@H](O)[C@]12C
56126-6	E	Copper	E	0	Copper	Copper	0	
96256-3	E	Copper	E	0	Copper	Copper	0	
16649-6	E	COPROgen	DictMol	0	COPROgen	COPROgen	0	C/C(=C\C(=O)N(CCC[C@H]1C(=O)N[C@H](C(=O)N1)CCCN(C(=O)/C=C(\C)/CCOC(=O)[C@H](CCCN(C(=O)/C=C(\C)/CCO)[O-])NC(=O)C)[O-])[O-])/CCO.[Fe+3]
16649-6	E	COPROgen	DictMol	0	COPROgen	COPROgen	0	C/C(=C\C(=O)N(CCC[C@H]1C(=O)N[C@H](C(=O)N1)CCCN(C(=O)/C=C(\C)/CCOC(=O)[C@H](CCCN(C(=O)/C=C(\C)/CCO)[O-])NC(=O)C)[O-])[O-])/CCO.[Fe+3]
14679-5	E	Cortis	DictMol	0	Cortis	Cortis	0	C1CCC2=NN=NN2CC1
14679-5	E	Cortis	DictMol	0	Cortis	Cortis	0	C1CCC2=NN=NN2CC1
14679-5	E	Cortis	DictMol	0	Cortis	Cortis	0	C1CCC2=NN=NN2CC1
14679-5	E	Cortis	DictMol	0	Cortis	Cortis	0	C1CCC2=NN=NN2CC1
14679-5	E	Cortis	DictMol	0	Cortis	Cortis	0	C1CCC2=NN=NN2CC1
16667-8	E	Cortis	DictMol	0	Cortis	Cortis	0	C1CCC2=NN=NN2CC1
16667-8	E	Cortis	DictMol	0	Cortis	Cortis	0	C1CCC2=NN=NN2CC1
16667-8	E	Cortis	DictMol	0	Cortis	Cortis	0	C1CCC2=NN=NN2CC1
16667-8	E	Cortis	DictMol	0	Cortis	Cortis	0	C1CCC2=NN=NN2CC1
14678-7	E	Cortis	DictMol	0	Cortis	Cortis	0	C1CCC2=NN=NN2CC1
14678-7	E	Cortis	DictMol	0	Cortis	Cortis	0	C1CCC2=NN=NN2CC1
14678-7	E	Cortis	DictMol	0	Cortis	Cortis	0	C1CCC2=NN=NN2CC1
14678-7	E	Cortis	DictMol	0	Cortis	Cortis	0	C1CCC2=NN=NN2CC1
14678-7	E	Cortis	DictMol	0	Cortis	Cortis	0	C1CCC2=NN=NN2CC1
14678-7	E	Cortis	DictMol	0	Cortis	Cortis	0	C1CCC2=NN=NN2CC1
59834-2	E	Creatinine	DictMol	0	Creatinine	Creatinine	0	CN1CC(=O)NC1=N
10969-4	E	HCys	DictMol	4	HCys	HCys	0	C(C(C(=O)O)N)S
10969-4	E	HCys	DictMol	4	HCys	HCys	0	C(C(C(=O)O)N)S
10969-4	E	HCys	DictMol	4	HCys	HCys	0	C(C(C(=O)O)N)S
16711-4	E	Hcys	DictMol	5	Hcys	Hcys	0	C(C(C(=O)O)N)S
107494-7	E	DHEA-S	DictMol	0	DHEA-S	DHEA-S	0	C[C@]12CC[C@H]3[C@H]([C@@H]1CCC2=O)CC=C4[C@@]3(CC[C@@H](C4)OS(=O)(=O)O)C
107494-7	E	DHEA-S	DictMol	0	DHEA-S	DHEA-S	0	C[C@]12CC[C@H]3[C@H]([C@@H]1CCC2=O)CC=C4[C@@]3(CC[C@@H](C4)OS(=O)(=O)O)C
107494-7	E	DHEA-S	DictMol	0	DHEA-S	DHEA-S	0	C[C@]12CC[C@H]3[C@H]([C@@H]1CCC2=O)CC=C4[C@@]3(CC[C@@H](C4)OS(=O)(=O)O)C
107494-7	E	DHEA-S	DictMol	0	DHEA-S	DHEA-S	0	C[C@]12CC[C@H]3[C@H]([C@@H]1CCC2=O)CC=C4[C@@]3(CC[C@@H](C4)OS(=O)(=O)O)C
107494-7	E	DHEA-S	DictMol	0	DHEA-S	DHEA-S	0	C[C@]12CC[C@H]3[C@H]([C@@H]1CCC2=O)CC=C4[C@@]3(CC[C@@H](C4)OS(=O)(=O)O)C
107494-7	E	DHEA-S	DictMol	0	DHEA-S	DHEA-S	0	C[C@]12CC[C@H]3[C@H]([C@@H]1CCC2=O)CC=C4[C@@]3(CC[C@@H](C4)OS(=O)(=O)O)C
107494-7	E	DHEA-S	DictMol	0	DHEA-S	DHEA-S	0	C[C@]12CC[C@H]3[C@H]([C@@H]1CCC2=O)CC=C4[C@@]3(CC[C@@H](C4)OS(=O)(=O)O)C
107494-7	E	DHEA-S	DictMol	0	DHEA-S	DHEA-S	0	C[C@]12CC[C@H]3[C@H]([C@@H]1CCC2=O)CC=C4[C@@]3(CC[C@@H](C4)OS(=O)(=O)O)C
16731-2	E	DHEA	DictMol	13	DHEA	DHEA	0	C[C@@]12CC[C@H](O)CC2=CC[C@@H]2[C@@H]1CC[C@]1(C)C(=O)CC[C@@H]21
16731-2	E	DHEA	DictMol	13	DHEA	DHEA	0	C[C@@]12CC[C@H](O)CC2=CC[C@@H]2[C@@H]1CC[C@]1(C)C(=O)CC[C@@H]21
18214-7	E	D5Pregnanetriol	DictMol	0	D5Pregnanetriol	D5-Pregnanetriol	0	[2H][C@]1([C@]2(CC[C@H]3[C@H]([C@@H]2CC1([2H])[2H])CCC4[C@@]3(CCCC4)C)C)C([2H])([2H])C(O)(O)O
13970-9	E	D-Tocopherol	DictMol	0	D-Tocopherol	D-Tocopherol	0	CC1=CC(=CC2=C1O[C@](CC2)(C)CCC[C@H](C)CCC[C@H](C)CCCC(C)C)O
2201-2	E	cholate	DictMol	3	cholate	cholate	0	C[C@H](CCC(=O)O)[C@H]1CC[C@@H]2[C@]1(C)[C@@H](O)C[C@@H]1[C@@]3(C)CC[C@@H](O)C[C@H]3C[C@@H](O)[C@@]21C
2201-2	E	cholate	DictMol	3	cholate	cholate	0	C[C@H](CCC(=O)O)[C@H]1CC[C@@H]2[C@]1(C)[C@@H](O)C[C@@H]1[C@@]3(C)CC[C@@H](O)C[C@H]3C[C@@H](O)[C@@]21C
2203-8	E	Dermatan	DictMol	0	Dermatan	Dermatan	0	CO[C@@H]1O[C@H](CO)[C@H](O)[C@H](O[C@@H]2O[C@@H](C(=O)O)[C@@H](OC)[C@H](O)[C@H]2O)[C@H]1NC(C)=O
2203-8	E	Dermatan	DictMol	0	Dermatan	Dermatan	0	CO[C@@H]1O[C@H](CO)[C@H](O)[C@H](O[C@@H]2O[C@@H](C(=O)O)[C@@H](OC)[C@H](O)[C@H]2O)[C@H]1NC(C)=O
60438-9	E	Diamine	G	0	Diamine	Diamine	0	
60438-9	E	Diamine	G	0	Diamine	Diamine	0	
60438-9	E	Diamine	G	0	Diamine	Diamine	0	
60438-9	E	Diamine	G	0	Diamine	Diamine	0	
22754-6	E	Dibucaine	DictMol	11	Dibucaine	Dibucaine	0	CCCCOC1C=C(C(=O)NCCN(CC)CC)C2=CC=CC=C2N=1
22754-6	E	Dibucaine	DictMol	11	Dibucaine	Dibucaine	0	CCCCOC1C=C(C(=O)NCCN(CC)CC)C2=CC=CC=C2N=1
24081-2	E	DHAP	DictMol	0	DHAP	DHAP	0	C(C(=O)COP(=O)(O)O)O
24081-2	E	DHAP	DictMol	0	DHAP	DHAP	0	C(C(=O)COP(=O)(O)O)O
24081-2	E	DHAP	DictMol	0	DHAP	DHAP	0	C(C(=O)COP(=O)(O)O)O
49837-8	E	DMPE	DictMol	0	DMPE	DMPE	0	CCCCCCCCCCCCCC(=O)OCC(COP(=O)(O)OCCN)OC(=O)CCCCCCCCCCCCC
2215-2	E	DPPC	DictMol	0	DPPC	DPPC	0	CCCCCCCCCCCCCCCC(=O)OC[C@H](COP(=O)([O-])OCC[N+](C)(C)C)OC(=O)CCCCCCCCCCCCCCC
13732-3	E	DDDA	DictMol	0	DDDA	DDDA	0	C(CCCCCC(=O)O)CCCCC(=O)O
13732-3	E	DDDA	DictMol	0	DDDA	DDDA	0	C(CCCCCC(=O)O)CCCCC(=O)O
2229-3	E	Epiandrosterone	DictMol	0	Epiandrosterone	Epiandrosterone	0	C[C@@]12CC[C@H](O)C[C@@H]2CC[C@@H]2[C@@H]1CC[C@]1(C)C(=O)CC[C@@H]21
2229-3	E	Epiandrosterone	DictMol	0	Epiandrosterone	Epiandrosterone	0	C[C@@]12CC[C@H](O)C[C@@H]2CC[C@@H]2[C@@H]1CC[C@]1(C)C(=O)CC[C@@H]21
12213-5	E	Estradiol	DictMol	11	Estradiol	Estradiol	0	C[C@@]12CC[C@@H]3C4C=CC(O)=CC=4CC[C@H]3[C@@H]2CC[C@@H]1O
17844-2	E	Estradiol	DictMol	0	Estradiol	Estradiol	0	C[C@@]12CC[C@@H]3C4C=CC(O)=CC=4CC[C@H]3[C@@H]2CC[C@@H]1O
13883-4	E	Estradiol	DictMol	0	Estradiol	Estradiol	0	C[C@@]12CC[C@@H]3C4C=CC(O)=CC=4CC[C@H]3[C@@H]2CC[C@@H]1O
14960-9	E	Estradiol	DictMol	0	Estradiol	Estradiol	0	C[C@@]12CC[C@@H]3C4C=CC(O)=CC=4CC[C@H]3[C@@H]2CC[C@@H]1O
14960-9	E	Estradiol	DictMol	0	Estradiol	Estradiol	0	C[C@@]12CC[C@@H]3C4C=CC(O)=CC=4CC[C@H]3[C@@H]2CC[C@@H]1O
15063-1	E	Estriol	DictMol	0	Estriol	Estriol	0	C[C@@]12CC[C@@H]3C4C=CC(O)=CC=4CC[C@H]3[C@@H]2C[C@@H](O)[C@@H]1O
14051-7	E	Estrogen	G	0	Estrogen	Estrogen	0	
14051-7	E	Estrogen	G	0	Estrogen	Estrogen	0	
14970-8	E	Estrone	DictMol	0	Estrone	Estrone	0	C[C@@]12CC[C@@H]3C4C=CC(O)=CC=4CC[C@H]3[C@@H]2CCC1=O
15355-1	E	Estrone Sulfate	DictMol	0	Estrone Sulfate	Estrone Sulfate	0	C[C@@]12CC[C@@H]3C4C=CC(=CC=4CC[C@H]3[C@@H]2CCC1=O)OS(=O)(=O)O
14160-6	E	Estrone	DictMol	2	Estrone	Estrone	0	C[C@@]12CC[C@@H]3C4C=CC(O)=CC=4CC[C@H]3[C@@H]2CCC1=O
14160-6	E	Estrone	DictMol	2	Estrone	Estrone	0	C[C@@]12CC[C@@H]3C4C=CC(O)=CC=4CC[C@H]3[C@@H]2CCC1=O
60519-6	E	Fatty acids	G	0	Fatty acids	Fatty acids	0	
60519-6	E	ethyl esters	G	12	ethyl esters	ethyl esters	0	
12215-0	E	VLCFA	G	0	VLCFA	VLCFA	0	
12215-0	E	VLCFA	G	0	VLCFA	VLCFA	0	
12215-0	E	VLCFA	G	0	VLCFA	VLCFA	0	
12215-0	E	VLCFA	G	0	VLCFA	VLCFA	0	
30194-5	E	VLCFA	G	0	VLCFA	VLCFA	0	
30194-5	E	C22:0	DictMol	6	C22:0	C22:0	0	CCCCCCCCCCCCCCCCCCCCCC(=O)O
30194-5	E	VLCFA	G	0	VLCFA	VLCFA	0	
30194-5	E	C22:0	DictMol	6	C22:0	C22:0	0	CCCCCCCCCCCCCCCCCCCCCC(=O)O
30194-5	E	VLCFA	G	0	VLCFA	VLCFA	0	
30194-5	E	C22:0	DictMol	6	C22:0	C22:0	0	CCCCCCCCCCCCCCCCCCCCCC(=O)O
30194-5	E	VLCFA	G	0	VLCFA	VLCFA	0	
30194-5	E	C22:0	DictMol	6	C22:0	C22:0	0	CCCCCCCCCCCCCCCCCCCCCC(=O)O
30194-5	E	VLCFA	G	0	VLCFA	VLCFA	0	
30194-5	E	C22:0	DictMol	6	C22:0	C22:0	0	CCCCCCCCCCCCCCCCCCCCCC(=O)O
30194-5	E	VLCFA	G	0	VLCFA	VLCFA	0	
30194-5	E	C22:0	DictMol	6	C22:0	C22:0	0	CCCCCCCCCCCCCCCCCCCCCC(=O)O
54445-2	E	VLCFA	G	0	VLCFA	VLCFA	0	
54445-2	E	C22:1n9	DictMol	6	C22:1n9	C22:1n9	0	CCCCCCCC/C=C\CCCCCCCCCCCC(=O)O
54445-2	E	VLCFA	G	0	VLCFA	VLCFA	0	
54445-2	E	C22:1n9	DictMol	6	C22:1n9	C22:1n9	0	CCCCCCCC/C=C\CCCCCCCCCCCC(=O)O
54445-2	E	VLCFA	G	0	VLCFA	VLCFA	0	
54445-2	E	C22:1n9	DictMol	6	C22:1n9	C22:1n9	0	CCCCCCCC/C=C\CCCCCCCCCCCC(=O)O
1773-1	E	VLCFA	G	0	VLCFA	VLCFA	0	
1773-1	E	C24:0	DictMol	6	C24:0	C24:0	0	CCCCCCCCCCCCCCCCCCCCCCCC(=O)O
1773-1	E	C22:0	DictMol	12	C22:0	C22:0	0	CCCCCCCCCCCCCCCCCCCCCC(=O)O
1773-1	E	VLCFA	G	0	VLCFA	VLCFA	0	
1773-1	E	C24:0	DictMol	6	C24:0	C24:0	0	CCCCCCCCCCCCCCCCCCCCCCCC(=O)O
1773-1	E	C22:0	DictMol	12	C22:0	C22:0	0	CCCCCCCCCCCCCCCCCCCCCC(=O)O
1773-1	E	VLCFA	G	0	VLCFA	VLCFA	0	
1773-1	E	C24:0	DictMol	6	C24:0	C24:0	0	CCCCCCCCCCCCCCCCCCCCCCCC(=O)O
1773-1	E	C22:0	DictMol	12	C22:0	C22:0	0	CCCCCCCCCCCCCCCCCCCCCC(=O)O
1773-1	E	VLCFA	G	0	VLCFA	VLCFA	0	
1773-1	E	C24:0	DictMol	6	C24:0	C24:0	0	CCCCCCCCCCCCCCCCCCCCCCCC(=O)O
1773-1	E	C22:0	DictMol	12	C22:0	C22:0	0	CCCCCCCCCCCCCCCCCCCCCC(=O)O
1773-1	E	VLCFA	G	0	VLCFA	VLCFA	0	
1773-1	E	C24:0	DictMol	6	C24:0	C24:0	0	CCCCCCCCCCCCCCCCCCCCCCCC(=O)O
1773-1	E	C22:0	DictMol	12	C22:0	C22:0	0	CCCCCCCCCCCCCCCCCCCCCC(=O)O
1773-1	E	VLCFA	G	0	VLCFA	VLCFA	0	
1773-1	E	C24:0	DictMol	6	C24:0	C24:0	0	CCCCCCCCCCCCCCCCCCCCCCCC(=O)O
1773-1	E	C22:0	DictMol	12	C22:0	C22:0	0	CCCCCCCCCCCCCCCCCCCCCC(=O)O
1773-1	E	VLCFA	G	0	VLCFA	VLCFA	0	
1773-1	E	C24:0	DictMol	6	C24:0	C24:0	0	CCCCCCCCCCCCCCCCCCCCCCCC(=O)O
1773-1	E	C22:0	DictMol	12	C22:0	C22:0	0	CCCCCCCCCCCCCCCCCCCCCC(=O)O
1774-9	E	VLCFA	G	0	VLCFA	VLCFA	0	
1774-9	E	C26:0	DictMol	6	C26:0	C26:0	0	CCCCCCCCCCCCCCCCCCCCCCCCCC(=O)O
1774-9	E	C22:0	DictMol	12	C22:0	C22:0	0	CCCCCCCCCCCCCCCCCCCCCC(=O)O
1774-9	E	VLCFA	G	0	VLCFA	VLCFA	0	
1774-9	E	C26:0	DictMol	6	C26:0	C26:0	0	CCCCCCCCCCCCCCCCCCCCCCCCCC(=O)O
1774-9	E	C22:0	DictMol	12	C22:0	C22:0	0	CCCCCCCCCCCCCCCCCCCCCC(=O)O
1774-9	E	VLCFA	G	0	VLCFA	VLCFA	0	
1774-9	E	C26:0	DictMol	6	C26:0	C26:0	0	CCCCCCCCCCCCCCCCCCCCCCCCCC(=O)O
1774-9	E	C22:0	DictMol	12	C22:0	C22:0	0	CCCCCCCCCCCCCCCCCCCCCC(=O)O
1774-9	E	VLCFA	G	0	VLCFA	VLCFA	0	
1774-9	E	C26:0	DictMol	6	C26:0	C26:0	0	CCCCCCCCCCCCCCCCCCCCCCCCCC(=O)O
1774-9	E	C22:0	DictMol	12	C22:0	C22:0	0	CCCCCCCCCCCCCCCCCCCCCC(=O)O
1774-9	E	VLCFA	G	0	VLCFA	VLCFA	0	
1774-9	E	C26:0	DictMol	6	C26:0	C26:0	0	CCCCCCCCCCCCCCCCCCCCCCCCCC(=O)O
1774-9	E	C22:0	DictMol	12	C22:0	C22:0	0	CCCCCCCCCCCCCCCCCCCCCC(=O)O
1774-9	E	VLCFA	G	0	VLCFA	VLCFA	0	
1774-9	E	C26:0	DictMol	6	C26:0	C26:0	0	CCCCCCCCCCCCCCCCCCCCCCCCCC(=O)O
1774-9	E	C22:0	DictMol	12	C22:0	C22:0	0	CCCCCCCCCCCCCCCCCCCCCC(=O)O
1774-9	E	VLCFA	G	0	VLCFA	VLCFA	0	
1774-9	E	C26:0	DictMol	6	C26:0	C26:0	0	CCCCCCCCCCCCCCCCCCCCCCCCCC(=O)O
1774-9	E	C22:0	DictMol	12	C22:0	C22:0	0	CCCCCCCCCCCCCCCCCCCCCC(=O)O
33036-5	E	VLCFA	G	0	VLCFA	VLCFA	0	
33036-5	E	VLCFA	G	0	VLCFA	VLCFA	0	
33036-5	E	VLCFA	G	0	VLCFA	VLCFA	0	
33036-5	E	VLCFA	G	0	VLCFA	VLCFA	0	
38538-5	E	VLCFA	G	0	VLCFA	VLCFA	0	
38538-5	E	C22:0	DictMol	12	C22:0	C22:0	0	CCCCCCCCCCCCCCCCCCCCCC(=O)O
33478-9	E	VLCFA	G	0	VLCFA	VLCFA	0	
53648-2	E	Flavin mononucleotide	G	0	Flavin mononucleotide	Flavin mononucleotide	0	
15069-8	E	Fructosamine	DictMol	0	Fructosamine	Fructosamine	0	C1[C@H]([C@H]([C@@H]([C@](O1)(CN)O)O)O)O
15069-8	E	Fructosamine	DictMol	0	Fructosamine	Fructosamine	0	C1[C@H]([C@H]([C@@H]([C@](O1)(CN)O)O)O)O
15069-8	E	Fructosamine	DictMol	0	Fructosamine	Fructosamine	0	C1[C@H]([C@H]([C@@H]([C@](O1)(CN)O)O)O)O
79308-3	E	butyrobetaine	DictMol	2	butyrobetaine	butyrobetaine	0	C[N+](C)(C)CCCC(=O)[O-]
79308-3	E	butyrobetaine	DictMol	2	butyrobetaine	butyrobetaine	0	C[N+](C)(C)CCCC(=O)[O-]
79308-3	E	butyrobetaine	DictMol	2	butyrobetaine	butyrobetaine	0	C[N+](C)(C)CCCC(=O)[O-]
35163-5	E	Linolenate	DictMol	2	Linolenate	Linolenate	0	CC/C=C\C/C=C\C/C=C\CCCCCCCC(=O)O
35163-5	E	Linolenate	DictMol	2	Linolenate	Linolenate	0	CC/C=C\C/C=C\C/C=C\CCCCCCCC(=O)O
35163-5	E	Linolenate	DictMol	2	Linolenate	Linolenate	0	CC/C=C\C/C=C\C/C=C\CCCCCCCC(=O)O
35163-5	E	Linolenate	DictMol	2	Linolenate	Linolenate	0	CC/C=C\C/C=C\C/C=C\CCCCCCCC(=O)O
2332-5	E	Gastrin14	DictMol	0	Gastrin14	Gastrin14	0	C[C@@H](C(=O)N[C@@H](CC1=CC=C(C=C1)O)C(=O)NCC(=O)N[C@@H](CC2=CNC3=CC=CC=C32)C(=O)N[C@@H](CCSC)C(=O)N[C@@H](CC(=O)O)C(=O)N[C@@H](CC4=CC=CC=C4)C(=O)N)NC(=O)[C@H](CCC(=O)O)NC(=O)[C@H](CCC(=O)O)NC(=O)[C@H](CCC(=O)O)NC(=O)[C@H](CCC(=O)O)NC(=O)[C@H](CCC(=O)O)NC(=O)[C@H](CC(C)C)NC(=O)[C@H](CC5=CNC6=CC=CC=C65)N
2332-5	E	Gastrin14	DictMol	0	Gastrin14	Gastrin14	0	C[C@@H](C(=O)N[C@@H](CC1=CC=C(C=C1)O)C(=O)NCC(=O)N[C@@H](CC2=CNC3=CC=CC=C32)C(=O)N[C@@H](CCSC)C(=O)N[C@@H](CC(=O)O)C(=O)N[C@@H](CC4=CC=CC=C4)C(=O)N)NC(=O)[C@H](CCC(=O)O)NC(=O)[C@H](CCC(=O)O)NC(=O)[C@H](CCC(=O)O)NC(=O)[C@H](CCC(=O)O)NC(=O)[C@H](CCC(=O)O)NC(=O)[C@H](CC(C)C)NC(=O)[C@H](CC5=CNC6=CC=CC=C65)N
2332-5	E	Gastrin14	DictMol	0	Gastrin14	Gastrin14	0	C[C@@H](C(=O)N[C@@H](CC1=CC=C(C=C1)O)C(=O)NCC(=O)N[C@@H](CC2=CNC3=CC=CC=C32)C(=O)N[C@@H](CCSC)C(=O)N[C@@H](CC(=O)O)C(=O)N[C@@H](CC4=CC=CC=C4)C(=O)N)NC(=O)[C@H](CCC(=O)O)NC(=O)[C@H](CCC(=O)O)NC(=O)[C@H](CCC(=O)O)NC(=O)[C@H](CCC(=O)O)NC(=O)[C@H](CCC(=O)O)NC(=O)[C@H](CC(C)C)NC(=O)[C@H](CC5=CNC6=CC=CC=C65)N
2331-7	E	Gastrin17	DictMol	0	Gastrin17	Gastrin17	0	C[C@@H](C(=O)N[C@@H](CC1=CC=C(C=C1)O)C(=O)NCC(=O)N[C@@H](CC2=CNC3=CC=CC=C32)C(=O)N[C@@H](CCSC)C(=O)N[C@@H](CC(=O)O)C(=O)N[C@@H](CC4=CC=CC=C4)C(=O)N)NC(=O)[C@H](CCC(=O)O)NC(=O)[C@H](CCC(=O)O)NC(=O)[C@H](CCC(=O)O)NC(=O)[C@H](CCC(=O)O)NC(=O)[C@H](CCC(=O)O)NC(=O)[C@H](CC(C)C)NC(=O)[C@H](CC5=CNC6=CC=CC=C65)NC(=O)[C@@H]7CCCN7C(=O)CNC(=O)[C@@H]8CCC(=O)N8
2331-7	E	Gastrin17	DictMol	0	Gastrin17	Gastrin17	0	C[C@@H](C(=O)N[C@@H](CC1=CC=C(C=C1)O)C(=O)NCC(=O)N[C@@H](CC2=CNC3=CC=CC=C32)C(=O)N[C@@H](CCSC)C(=O)N[C@@H](CC(=O)O)C(=O)N[C@@H](CC4=CC=CC=C4)C(=O)N)NC(=O)[C@H](CCC(=O)O)NC(=O)[C@H](CCC(=O)O)NC(=O)[C@H](CCC(=O)O)NC(=O)[C@H](CCC(=O)O)NC(=O)[C@H](CCC(=O)O)NC(=O)[C@H](CC(C)C)NC(=O)[C@H](CC5=CNC6=CC=CC=C65)NC(=O)[C@@H]7CCCN7C(=O)CNC(=O)[C@@H]8CCC(=O)N8
2331-7	E	Gastrin17	DictMol	0	Gastrin17	Gastrin17	0	C[C@@H](C(=O)N[C@@H](CC1=CC=C(C=C1)O)C(=O)NCC(=O)N[C@@H](CC2=CNC3=CC=CC=C32)C(=O)N[C@@H](CCSC)C(=O)N[C@@H](CC(=O)O)C(=O)N[C@@H](CC4=CC=CC=C4)C(=O)N)NC(=O)[C@H](CCC(=O)O)NC(=O)[C@H](CCC(=O)O)NC(=O)[C@H](CCC(=O)O)NC(=O)[C@H](CCC(=O)O)NC(=O)[C@H](CCC(=O)O)NC(=O)[C@H](CC(C)C)NC(=O)[C@H](CC5=CNC6=CC=CC=C65)NC(=O)[C@@H]7CCCN7C(=O)CNC(=O)[C@@H]8CCC(=O)N8
2331-7	E	Gastrin17	DictMol	0	Gastrin17	Gastrin17	0	C[C@@H](C(=O)N[C@@H](CC1=CC=C(C=C1)O)C(=O)NCC(=O)N[C@@H](CC2=CNC3=CC=CC=C32)C(=O)N[C@@H](CCSC)C(=O)N[C@@H](CC(=O)O)C(=O)N[C@@H](CC4=CC=CC=C4)C(=O)N)NC(=O)[C@H](CCC(=O)O)NC(=O)[C@H](CCC(=O)O)NC(=O)[C@H](CCC(=O)O)NC(=O)[C@H](CCC(=O)O)NC(=O)[C@H](CCC(=O)O)NC(=O)[C@H](CC(C)C)NC(=O)[C@H](CC5=CNC6=CC=CC=C65)NC(=O)[C@@H]7CCCN7C(=O)CNC(=O)[C@@H]8CCC(=O)N8
2331-7	E	Gastrin17	DictMol	0	Gastrin17	Gastrin17	0	C[C@@H](C(=O)N[C@@H](CC1=CC=C(C=C1)O)C(=O)NCC(=O)N[C@@H](CC2=CNC3=CC=CC=C32)C(=O)N[C@@H](CCSC)C(=O)N[C@@H](CC(=O)O)C(=O)N[C@@H](CC4=CC=CC=C4)C(=O)N)NC(=O)[C@H](CCC(=O)O)NC(=O)[C@H](CCC(=O)O)NC(=O)[C@H](CCC(=O)O)NC(=O)[C@H](CCC(=O)O)NC(=O)[C@H](CCC(=O)O)NC(=O)[C@H](CC(C)C)NC(=O)[C@H](CC5=CNC6=CC=CC=C65)NC(=O)[C@@H]7CCCN7C(=O)CNC(=O)[C@@H]8CCC(=O)N8
2331-7	E	Gastrin17	DictMol	0	Gastrin17	Gastrin17	0	C[C@@H](C(=O)N[C@@H](CC1=CC=C(C=C1)O)C(=O)NCC(=O)N[C@@H](CC2=CNC3=CC=CC=C32)C(=O)N[C@@H](CCSC)C(=O)N[C@@H](CC(=O)O)C(=O)N[C@@H](CC4=CC=CC=C4)C(=O)N)NC(=O)[C@H](CCC(=O)O)NC(=O)[C@H](CCC(=O)O)NC(=O)[C@H](CCC(=O)O)NC(=O)[C@H](CCC(=O)O)NC(=O)[C@H](CCC(=O)O)NC(=O)[C@H](CC(C)C)NC(=O)[C@H](CC5=CNC6=CC=CC=C65)NC(=O)[C@@H]7CCCN7C(=O)CNC(=O)[C@@H]8CCC(=O)N8
2330-9	E	Gastrin34	DictMol	0	Gastrin34	Gastrin34	0	C[C@@H](C(=O)NCC(=O)NCC(=O)N[C@@H](CC1=CNC2=CC=CC=C21)C(=O)N[C@@H](CCSC)C(=O)N[C@@H](CC(=O)O)C(=O)N[C@@H](CC3=CC=CC=C3)C(=O)N)NC(=O)CNC(=O)[C@H](CCC(=O)O)NC(=O)[C@H](CCC(=O)O)NC(=O)[C@H](CCC(=O)O)NC(=O)[C@H](CCC(=O)O)NC(=O)CNC(=O)CNC(=O)[C@@H]4CCCN4C(=O)CNC(=O)[C@H](CCC(=O)N)NC(=O)[C@H](CCCCN)NC(=O)[C@H](CCCCN)NC(=O)CNC(=O)CNC(=O)[C@H](CC(=O)O)NC(=O)[C@H](C)NC(=O)CNC(=O)CNC(=O)CNC(=O)CNC(=O)[C@@H]5CCCN5C(=O)CNC(=O)[C@H](CCC(=O)N)NC(=O)CNC(=O)CNC(=O)[C@H](CC(C)C)NC(=O)[C@@H]6CCC(=O)N6
2330-9	E	Gastrin34	DictMol	0	Gastrin34	Gastrin34	0	C[C@@H](C(=O)NCC(=O)NCC(=O)N[C@@H](CC1=CNC2=CC=CC=C21)C(=O)N[C@@H](CCSC)C(=O)N[C@@H](CC(=O)O)C(=O)N[C@@H](CC3=CC=CC=C3)C(=O)N)NC(=O)CNC(=O)[C@H](CCC(=O)O)NC(=O)[C@H](CCC(=O)O)NC(=O)[C@H](CCC(=O)O)NC(=O)[C@H](CCC(=O)O)NC(=O)CNC(=O)CNC(=O)[C@@H]4CCCN4C(=O)CNC(=O)[C@H](CCC(=O)N)NC(=O)[C@H](CCCCN)NC(=O)[C@H](CCCCN)NC(=O)CNC(=O)CNC(=O)[C@H](CC(=O)O)NC(=O)[C@H](C)NC(=O)CNC(=O)CNC(=O)CNC(=O)CNC(=O)[C@@H]5CCCN5C(=O)CNC(=O)[C@H](CCC(=O)N)NC(=O)CNC(=O)CNC(=O)[C@H](CC(C)C)NC(=O)[C@@H]6CCC(=O)N6
90234-6	E	Globotriaosylsphingosine	DictMol	0	Globotriaosylsphingosine	Globotriaosylsphingosine	0	CCCCCCCCCCCCC/C=C/[C@H]([C@H](CO[C@H]1[C@@H]([C@H]([C@@H]([C@H](O1)CO)O[C@H]2[C@@H]([C@H]([C@H]([C@H](O2)CO)O[C@@H]3[C@@H]([C@H]([C@H]([C@H](O3)CO)O)O)O)O)O)O)O)N)O
90234-6	E	Globotriaosylsphingosine	DictMol	0	Globotriaosylsphingosine	Globotriaosylsphingosine	0	CCCCCCCCCCCCC/C=C/[C@H]([C@H](CO[C@H]1[C@@H]([C@H]([C@@H]([C@H](O1)CO)O[C@H]2[C@@H]([C@H]([C@H]([C@H](O2)CO)O[C@@H]3[C@@H]([C@H]([C@H]([C@H](O3)CO)O)O)O)O)O)O)O)N)O
90234-6	E	Globotriaosylsphingosine	DictMol	0	Globotriaosylsphingosine	Globotriaosylsphingosine	0	CCCCCCCCCCCCC/C=C/[C@H]([C@H](CO[C@H]1[C@@H]([C@H]([C@@H]([C@H](O1)CO)O[C@H]2[C@@H]([C@H]([C@H]([C@H](O2)CO)O[C@@H]3[C@@H]([C@H]([C@H]([C@H](O3)CO)O)O)O)O)O)O)O)N)O
90234-6	E	Globotriaosylsphingosine	DictMol	0	Globotriaosylsphingosine	Globotriaosylsphingosine	0	CCCCCCCCCCCCC/C=C/[C@H]([C@H](CO[C@H]1[C@@H]([C@H]([C@@H]([C@H](O1)CO)O[C@H]2[C@@H]([C@H]([C@H]([C@H](O2)CO)O[C@@H]3[C@@H]([C@H]([C@H]([C@H](O3)CO)O)O)O)O)O)O)O)N)O
33914-3	E	Creatinine	DictMol	10	Creatinine	Creatinine	0	CN1CC(=O)NC1=N
92750-9	E	Glucopsychosine	DictMol	0	Glucopsychosine	Glucopsychosine	0	CCCCCCCCCCCCC/C=C/[C@H]([C@H](CO[C@H]1[C@@H]([C@H]([C@@H]([C@H](O1)CO)O)O)O)N)O
92750-9	E	Glucopsychosine	DictMol	0	Glucopsychosine	Glucopsychosine	0	CCCCCCCCCCCCC/C=C/[C@H]([C@H](CO[C@H]1[C@@H]([C@H]([C@@H]([C@H](O1)CO)O)O)O)N)O
92750-9	E	Glucopsychosine	DictMol	0	Glucopsychosine	Glucopsychosine	0	CCCCCCCCCCCCC/C=C/[C@H]([C@H](CO[C@H]1[C@@H]([C@H]([C@@H]([C@H](O1)CO)O)O)O)N)O
92750-9	E	Glucopsychosine	DictMol	0	Glucopsychosine	Glucopsychosine	0	CCCCCCCCCCCCC/C=C/[C@H]([C@H](CO[C@H]1[C@@H]([C@H]([C@@H]([C@H](O1)CO)O)O)O)N)O
53868-6	E	Glucose tetrasaccharide	DictMol	0	Glucose tetrasaccharide	Glucose tetrasaccharide	0	C([C@@H]1[C@H]([C@@H]([C@H]([C@H](O1)OC[C@@H]2[C@H]([C@@H]([C@H]([C@H](O2)O[C@@H]3[C@H](O[C@@H]([C@@H]([C@H]3O)O)O[C@H]([C@@H](CO)O)[C@@H]([C@H](C=O)O)O)CO)O)O)O)O)O)O)O
53868-6	E	Glucose tetrasaccharide	DictMol	0	Glucose tetrasaccharide	Glucose tetrasaccharide	0	C([C@@H]1[C@H]([C@@H]([C@H]([C@H](O1)OC[C@@H]2[C@H]([C@@H]([C@H]([C@H](O2)O[C@@H]3[C@H](O[C@@H]([C@@H]([C@H]3O)O)O[C@H]([C@@H](CO)O)[C@@H]([C@H](C=O)O)O)CO)O)O)O)O)O)O)O
53868-6	E	Glucose tetrasaccharide	DictMol	0	Glucose tetrasaccharide	Glucose tetrasaccharide	0	C([C@@H]1[C@H]([C@@H]([C@H]([C@H](O1)OC[C@@H]2[C@H]([C@@H]([C@H]([C@H](O2)O[C@@H]3[C@H](O[C@@H]([C@@H]([C@H]3O)O)O[C@H]([C@@H](CO)O)[C@@H]([C@H](C=O)O)O)CO)O)O)O)O)O)O)O
104645-7	E	GL-1	DictMol	0	GL-1	GL-1	0	CCCCCCCC/C=C\CCCCCCCC(=O)O[C@@H](CO[C@@H]1[C@@H]([C@H]([C@@H]([C@H](O1)CO)O)O)O)COC(=O)CCCCCCCC2CC2CCCCCCCC
104645-7	E	GL-1	DictMol	0	GL-1	GL-1	0	CCCCCCCC/C=C\CCCCCCCC(=O)O[C@@H](CO[C@@H]1[C@@H]([C@H]([C@@H]([C@H](O1)CO)O)O)O)COC(=O)CCCCCCCC2CC2CCCCCCCC
2376-2	E	Glutathione	DictMol	0	Glutathione	Glutathione	0	C(CC(=O)N[C@@H](CS)C(=O)NCC(=O)O)[C@@H](C(=O)O)N
2376-2	E	Glutathione	DictMol	0	Glutathione	Glutathione	0	C(CC(=O)N[C@@H](CS)C(=O)NCC(=O)O)[C@@H](C(=O)O)N
2376-2	E	Glutathione	DictMol	0	Glutathione	Glutathione	0	C(CC(=O)N[C@@H](CS)C(=O)NCC(=O)O)[C@@H](C(=O)O)N
2380-4	E	Glutathione	DictMol	0	Glutathione	Glutathione	0	C(CC(=O)N[C@@H](CS)C(=O)NCC(=O)O)[C@@H](C(=O)O)N
93335-8	E	GCDCA	DictMol	0	GCDCA	GCDCA	0	C[C@H](CCC(=O)NCC(=O)O)[C@H]1CC[C@@H]2[C@@]1(CC[C@H]3[C@H]2[C@@H](C[C@H]4[C@@]3(CC[C@H](C4)O)C)O)C
93333-3	E	GDCA	DictMol	0	GDCA	GDCA	0	C[C@H](CCC(=O)NCC(=O)O)[C@H]1CC[C@@H]2[C@@]1([C@H](C[C@H]3[C@H]2CC[C@H]4[C@@]3(CC[C@H](C4)O)C)O)C
93331-7	E	GLCA	DictMol	0	GLCA	GLCA	0	C[C@H](CCC(=O)NCC(=O)O)[C@H]1CC[C@@H]2[C@@]1(CC[C@H]3[C@H]2CC[C@H]4[C@@]3(CC[C@H](C4)O)C)C
93330-9	E	GUDCA	DictMol	0	GUDCA	GUDCA	0	C[C@H](CCC(=O)NCC(=O)O)[C@H]1CC[C@@H]2[C@@]1(CC[C@H]3[C@H]2[C@H](C[C@H]4[C@@]3(CC[C@H](C4)O)C)O)C
79125-1	E	Hawkinsin	DictMol	0	Hawkinsin	Hawkinsin	0	C1C(C=CC(C1SCC(C(=O)O)N)(CC(=O)O)O)O
49061-5	E	iron	E	8	iron	iron	0	
71386-7	E	Hepcidin-25	DictMol	0	Hepcidin-25	Hepcidin-25	0	CC[C@H](C)[C@H]1C(=O)N[C@H](C(=O)N[C@H]2CSSC[C@H]3C(=O)N[C@H]4CSSC[C@@H](C(=O)N[C@@H](CSSC[C@@H](C(=O)N1)NC(=O)[C@H]([C@@H](C)CC)NC(=O)[C@@H]5CCCN5C(=O)[C@H](CC6=CC=CC=C6)NC(=O)[C@H](CC7=CNC=N7)NC(=O)[C@H]([C@@H](C)O)NC(=O)[C@H](CC(=O)O)N)C(=O)N[C@@H](CCCCN)C(=O)N[C@@H]([C@@H](C)O)C(=O)O)NC(=O)[C@@H](NC(=O)CNC(=O)[C@H](CSSC[C@@H](C(=O)NCC(=O)N3)NC2=O)NC(=O)[C@@H](NC(=O)[C@@H](NC(=O)[C@@H](NC(=O)[C@@H](NC4=O)CC8=CNC=N8)CCCNC(=N)N)CO)CCCCN)CCSC)CC9=CC=CC=C9
48115-0	E	Hcys	DictMol	0	Hcys	Hcys	0	C(C(C(=O)O)N)S
13372-8	E	Hcys	DictMol	1	Hcys	Hcys	0	C(C(C(=O)O)N)S
13372-8	E	Hcys	DictMol	1	Hcys	Hcys	0	C(C(C(=O)O)N)S
35171-8	E	Linolenate	DictMol	7	Linolenate	Linolenate	0	CC/C=C\C/C=C\C/C=C\CCCCCCCC(=O)O
35171-8	E	Linolenate	DictMol	7	Linolenate	Linolenate	0	CC/C=C\C/C=C\C/C=C\CCCCCCCC(=O)O
35171-8	E	Linolenate	DictMol	7	Linolenate	Linolenate	0	CC/C=C\C/C=C\C/C=C\CCCCCCCC(=O)O
35171-8	E	Linolenate	DictMol	7	Linolenate	Linolenate	0	CC/C=C\C/C=C\C/C=C\CCCCCCCC(=O)O
35171-8	E	Linolenate	DictMol	7	Linolenate	Linolenate	0	CC/C=C\C/C=C\C/C=C\CCCCCCCC(=O)O
35171-8	E	Linolenate	DictMol	7	Linolenate	Linolenate	0	CC/C=C\C/C=C\C/C=C\CCCCCCCC(=O)O
35171-8	E	Linolenate	DictMol	7	Linolenate	Linolenate	0	CC/C=C\C/C=C\C/C=C\CCCCCCCC(=O)O
2438-0	E	Hydrogen	E	11	Hydrogen	Hydrogen	0	
2438-0	E	Sulfide	G	20	Sulfide	Sulfide	0	
2440-6	E	B12b	DictMol	4	B12b	B12b	0	CC1=CC2=C(C=C1C)N(C=N2)[C@@H]3[C@@H]([C@@H]([C@H](O3)CO)OP(=O)([O-])O[C@H](C)CNC(=O)CC[C@@]\4([C@H]([C@@H]5[C@]6([C@@]([C@@H](C(=N6)/C(=C\7/[C@@]([C@@H](C(=N7)/C=C\8/C([C@@H](C(=N8)/C(=C4\[N-]5)/C)CCC(=O)N)(C)C)CCC(=O)N)(C)CC(=O)N)/C)CCC(=O)N)(C)CC(=O)N)C)CC(=O)N)C)O.[OH3+].[Co]
2440-6	E	B12b	DictMol	4	B12b	B12b	0	CC1=CC2=C(C=C1C)N(C=N2)[C@@H]3[C@@H]([C@@H]([C@H](O3)CO)OP(=O)([O-])O[C@H](C)CNC(=O)CC[C@@]\4([C@H]([C@@H]5[C@]6([C@@]([C@@H](C(=N6)/C(=C\7/[C@@]([C@@H](C(=N7)/C=C\8/C([C@@H](C(=N8)/C(=C4\[N-]5)/C)CCC(=O)N)(C)C)CCC(=O)N)(C)CC(=O)N)/C)CCC(=O)N)(C)CC(=O)N)C)CC(=O)N)C)O.[OH3+].[Co]
2440-6	E	B12b	DictMol	4	B12b	B12b	0	CC1=CC2=C(C=C1C)N(C=N2)[C@@H]3[C@@H]([C@@H]([C@H](O3)CO)OP(=O)([O-])O[C@H](C)CNC(=O)CC[C@@]\4([C@H]([C@@H]5[C@]6([C@@]([C@@H](C(=N6)/C(=C\7/[C@@]([C@@H](C(=N7)/C=C\8/C([C@@H](C(=N8)/C(=C4\[N-]5)/C)CCC(=O)N)(C)C)CCC(=O)N)(C)CC(=O)N)/C)CCC(=O)N)(C)CC(=O)N)C)CC(=O)N)C)O.[OH3+].[Co]
2444-8	E	HMG-CoA	DictMol	0	HMG-CoA	HMG-CoA	0	C[C@](CC(=O)O)(CC(=O)SCCNC(=O)CCNC(=O)[C@@H](C(C)(C)COP(=O)(O)OP(=O)(O)OC[C@@H]1[C@H]([C@H]([C@@H](O1)N2C=NC3=C(N=CN=C32)N)O)OP(=O)(O)O)O)O
2444-8	E	HMG-CoA	DictMol	0	HMG-CoA	HMG-CoA	0	C[C@](CC(=O)O)(CC(=O)SCCNC(=O)CCNC(=O)[C@@H](C(C)(C)COP(=O)(O)OP(=O)(O)OC[C@@H]1[C@H]([C@H]([C@@H](O1)N2C=NC3=C(N=CN=C32)N)O)OP(=O)(O)O)O)O
2444-8	E	HMG-CoA	DictMol	0	HMG-CoA	HMG-CoA	0	C[C@](CC(=O)O)(CC(=O)SCCNC(=O)CCNC(=O)[C@@H](C(C)(C)COP(=O)(O)OP(=O)(O)OC[C@@H]1[C@H]([C@H]([C@@H](O1)N2C=NC3=C(N=CN=C32)N)O)OP(=O)(O)O)O)O
2444-8	E	HMG-CoA	DictMol	0	HMG-CoA	HMG-CoA	0	C[C@](CC(=O)O)(CC(=O)SCCNC(=O)CCNC(=O)[C@@H](C(C)(C)COP(=O)(O)OP(=O)(O)OC[C@@H]1[C@H]([C@H]([C@@H](O1)N2C=NC3=C(N=CN=C32)N)O)OP(=O)(O)O)O)O
74295-7	E	HMG-CoA	DictMol	0	HMG-CoA	HMG-CoA	0	C[C@](CC(=O)O)(CC(=O)SCCNC(=O)CCNC(=O)[C@@H](C(C)(C)COP(=O)(O)OP(=O)(O)OC[C@@H]1[C@H]([C@H]([C@@H](O1)N2C=NC3=C(N=CN=C32)N)O)OP(=O)(O)O)O)O
2480-2	E	Inositol	DictMol	0	Inositol	Inositol	0	O[C@H]1[C@H](O)[C@@H](O)[C@H](O)[C@@H](O)[C@H]1O
2480-2	E	Inositol	DictMol	0	Inositol	Inositol	0	O[C@H]1[C@H](O)[C@@H](O)[C@H](O)[C@@H](O)[C@H]1O
2480-2	E	Inositol	DictMol	0	Inositol	Inositol	0	O[C@H]1[C@H](O)[C@@H](O)[C@H](O)[C@@H](O)[C@H]1O
11220-1	E	Iodine	E	0	Iodine	Iodine	0	
17024-1	E	Iodine	E	6	Iodine	Iodine	0	
10878-7	E	Iodine	E	3	Iodine	Iodine	0	
2503-1	E	Iron	E	0	Iron	Iron	0	
14801-5	E	Iron	E	0	Iron	Iron	0	
14801-5	E	Iron	E	0	Iron	Iron	0	
14801-5	E	Iron	E	0	Iron	Iron	0	
14801-5	E	Iron	E	0	Iron	Iron	0	
53470-1	E	Kynurenin	DictMol	0	Kynurenin	Kynurenin	0	COC1C=CC(N)=C(C(=O)CC(NC(C)=O)C(=O)O)C=1
75740-1	E	Lathosterol	DictMol	0	Lathosterol	Lathosterol	0	C[C@H](CCCC(C)C)[C@H]1CC[C@@H]2[C@@]1(CC[C@H]3C2=CC[C@@H]4[C@@]3(CC[C@@H](C4)O)C)C
14976-5	E	Lecithin	G	0	Lecithin	Lecithin	0	
14976-5	E	Sphingomyelin	G	9	Sphingomyelin	Sphingomyelin	0	
14976-5	E	Lecithin	G	0	Lecithin	Lecithin	0	
14976-5	E	Sphingomyelin	G	9	Sphingomyelin	Sphingomyelin	0	
14976-5	E	Lecithin	G	0	Lecithin	Lecithin	0	
14976-5	E	Sphingomyelin	G	9	Sphingomyelin	Sphingomyelin	0	
14976-5	E	Lecithin	G	0	Lecithin	Lecithin	0	
14976-5	E	Sphingomyelin	G	9	Sphingomyelin	Sphingomyelin	0	
12726-6	E	Leucine-Enkephalin	DictMol	0	Leucine-Enkephalin	Leucine-Enkephalin	0	CC(C)C[C@@H](C(=O)O)NC(=O)[C@H](CC1=CC=CC=C1)NC(=O)CNC(=O)CNC(=O)[C@H](CC2=CC=C(C=C2)O)N
104671-3	E	LTB4	DictMol	0	LTB4	LTB4	0	CCCCC/C=C\C[C@H](/C=C/C=C/C=C\[C@H](CCCC(=O)O)O)O
104671-3	E	LTB4	DictMol	0	LTB4	LTB4	0	CCCCC/C=C\C[C@H](/C=C/C=C/C=C\[C@H](CCCC(=O)O)O)O
101115-4	E	LTE4	DictMol	0	LTE4	LTE4	0	CCCCC/C=C\C/C=C\C=C\C=C\[C@H]([C@H](CCCC(=O)O)O)SC[C@@H](C(=O)O)N
101115-4	E	LTE4	DictMol	0	LTE4	LTE4	0	CCCCC/C=C\C/C=C\C=C\C=C\[C@H]([C@H](CCCC(=O)O)O)SC[C@@H](C(=O)O)N
101115-4	E	LTE4	DictMol	0	LTE4	LTE4	0	CCCCC/C=C\C/C=C\C=C\C=C\[C@H]([C@H](CCCC(=O)O)O)SC[C@@H](C(=O)O)N
101115-4	E	LTE4	DictMol	0	LTE4	LTE4	0	CCCCC/C=C\C/C=C\C=C\C=C\[C@H]([C@H](CCCC(=O)O)O)SC[C@@H](C(=O)O)N
101115-4	E	LTE4	DictMol	0	LTE4	LTE4	0	CCCCC/C=C\C/C=C\C=C\C=C\[C@H]([C@H](CCCC(=O)O)O)SC[C@@H](C(=O)O)N
101115-4	E	LTE4	DictMol	0	LTE4	LTE4	0	CCCCC/C=C\C/C=C\C=C\C=C\[C@H]([C@H](CCCC(=O)O)O)SC[C@@H](C(=O)O)N
101115-4	E	LTE4	DictMol	0	LTE4	LTE4	0	CCCCC/C=C\C/C=C\C=C\C=C\[C@H]([C@H](CCCC(=O)O)O)SC[C@@H](C(=O)O)N
101115-4	E	LTE4	DictMol	0	LTE4	LTE4	0	CCCCC/C=C\C/C=C\C=C\C=C\[C@H]([C@H](CCCC(=O)O)O)SC[C@@H](C(=O)O)N
42178-4	E	Lp-X	DictMol	0	Lp-X	Lp-X	0	CC(C1=CC=C(C=C1)CC2CCCC2=O)C(=O)[O-].[Na+]
79626-8	E	L-leu	DictMol	0	L-leu	L-leu	0	CC(C)C[C@@H](C(=O)O)N
79626-8	E	L-pro	DictMol	6	L-pro	L-pro	0	C1C[C@H]([NH2+]C1)C(=O)[O-]
79626-8	E	L-leu	DictMol	0	L-leu	L-leu	0	CC(C)C[C@@H](C(=O)O)N
79626-8	E	L-pro	DictMol	6	L-pro	L-pro	0	C1C[C@H]([NH2+]C1)C(=O)[O-]
79626-8	E	L-leu	DictMol	0	L-leu	L-leu	0	CC(C)C[C@@H](C(=O)O)N
79626-8	E	L-pro	DictMol	6	L-pro	L-pro	0	C1C[C@H]([NH2+]C1)C(=O)[O-]
2588-2	E	Lysolecithin	G	0	Lysolecithin	Lysolecithin	0	
75736-9	E	LysoPC(16:0)	DictMol	0	LysoPC(16:0)	LysoPC(16:0)	0	CCCCCCCCCCCCCCCC(=O)OC[C@H](COP(=O)([O-])OCC[N+](C)(C)C)O
75737-7	E	LysoPC(18:0)	DictMol	0	LysoPC(18:0)	LysoPC(18:0)	0	CCCCCCCCCCCCCCCCCC(=O)OC[C@H](COP(=O)([O-])OCC[N+](C)(C)C)O
75737-7	E	LysoPC(18:0)	DictMol	0	LysoPC(18:0)	LysoPC(18:0)	0	CCCCCCCCCCCCCCCCCC(=O)OC[C@H](COP(=O)([O-])OCC[N+](C)(C)C)O
90920-0	E	LysoPC(20:0)	DictMol	0	LysoPC(20:0)	LysoPC(20:0)	0	CCCCCCCCCCCCCCCCCCCC(=O)OC[C@H](COP(=O)([O-])OCC[N+](C)(C)C)O
90921-8	E	LysoPC(22:0)	DictMol	0	LysoPC(22:0)	LysoPC(22:0)	0	CCCCCCCCCCCCCCCCCCCCCC(=O)OC[C@H](COP(=O)([O-])OCC[N+](C)(C)C)O
90922-6	E	LysoPC(24:0)	DictMol	0	LysoPC(24:0)	LysoPC(24:0)	0	CCCCCCCCCCCCCCCCCCCCCCCC(=O)OC[C@H](COP(=O)([O-])OCC[N+](C)(C)C)O
79320-8	E	LysoPC(26:0)	DictMol	0	LysoPC(26:0)	LysoPC(26:0)	0	CCCCCCCCCCCCCCCCCCCCCCCCCC(=O)OC[C@H](COP(=O)([O-])OCC[N+](C)(C)C)O
79320-8	E	LysoPC(26:0)	DictMol	0	LysoPC(26:0)	LysoPC(26:0)	0	CCCCCCCCCCCCCCCCCCCCCCCCCC(=O)OC[C@H](COP(=O)([O-])OCC[N+](C)(C)C)O
79320-8	E	LysoPC(26:0)	DictMol	0	LysoPC(26:0)	LysoPC(26:0)	0	CCCCCCCCCCCCCCCCCCCCCCCCCC(=O)OC[C@H](COP(=O)([O-])OCC[N+](C)(C)C)O
79320-8	E	LysoPC(26:0)	DictMol	0	LysoPC(26:0)	LysoPC(26:0)	0	CCCCCCCCCCCCCCCCCCCCCCCCCC(=O)OC[C@H](COP(=O)([O-])OCC[N+](C)(C)C)O
76614-7	E	4-MUO	DictMol	8	4-MUO	4-MUO	0	CCCCCCCC/C=C\CCCCCCCC(=O)OC1=CC2=C(C=C1)C(=CC(=O)O2)C
76615-4	E	4-MUP	DictMol	8	4-MUP	4-MUP	0	CC1=CC(=O)OC2=C1C=CC(=C2)OP(=O)(O)O
10880-3	E	Magnesium	E	0	Magnesium	Magnesium	0	
10880-3	E	Magnesium	E	0	Magnesium	Magnesium	0	
10880-3	E	Magnesium	E	0	Magnesium	Magnesium	0	
20872-8	E	Magnesium	E	0	Magnesium	Magnesium	0	
20872-8	E	Magnesium	E	0	Magnesium	Magnesium	0	
17234-6	E	Magnesium	E	0	Magnesium	Magnesium	0	
17234-6	E	Magnesium	E	0	Magnesium	Magnesium	0	
35172-6	E	Mead acid	DictMol	0	Mead acid	Mead acid	0	CCCCCCCC/C=C\C/C=C\C/C=C\CCCC(=O)O
35172-6	E	Mead acid	DictMol	0	Mead acid	Mead acid	0	CCCCCCCC/C=C\C/C=C\C/C=C\CCCC(=O)O
35172-6	E	Mead acid	DictMol	0	Mead acid	Mead acid	0	CCCCCCCC/C=C\C/C=C\C/C=C\CCCC(=O)O
3129-4	E	Menadione	DictMol	0	Menadione	Menadione	0	CC1=CC(=O)C2C=CC=CC=2C1=O
3129-4	E	Menadione	DictMol	0	Menadione	Menadione	0	CC1=CC(=O)C2C=CC=CC=2C1=O
3129-4	E	Menadione	DictMol	0	Menadione	Menadione	0	CC1=CC(=O)C2C=CC=CC=2C1=O
3129-4	E	Menadione	DictMol	0	Menadione	Menadione	0	CC1=CC(=O)C2C=CC=CC=2C1=O
3129-4	E	Menadione	DictMol	0	Menadione	Menadione	0	CC1=CC(=O)C2C=CC=CC=2C1=O
76619-6	E	succ	DictMol	22	succ	succ	0	C(CC(=O)O)C(=O)O
12918-9	E	Monoamine	G	0	Monoamine	Monoamine	0	
79578-1	E	L-lys	DictMol	6	L-lys	L-lys	0	C(CCN)C[C@@H](C(=O)O)N
79578-1	E	L-lys	DictMol	6	L-lys	L-lys	0	C(CCN)C[C@@H](C(=O)O)N
79578-1	E	L-lys	DictMol	6	L-lys	L-lys	0	C(CCN)C[C@@H](C(=O)O)N
79578-1	E	L-lys	DictMol	6	L-lys	L-lys	0	C(CCN)C[C@@H](C(=O)O)N
79578-1	E	L-lys	DictMol	6	L-lys	L-lys	0	C(CCN)C[C@@H](C(=O)O)N
79578-1	E	L-lys	DictMol	6	L-lys	L-lys	0	C(CCN)C[C@@H](C(=O)O)N
78964-4	E	NAAG	DictMol	0	NAAG	NAAG	0	CC(=O)N[C@@H](CC(=O)O)C(=O)N[C@@H](CCC(=O)O)C(=O)O
13779-4	E	N-Ac-L-Asp	DictMol	0	N-Ac-L-Asp	N-Ac-L-Asp	0	CC(=O)N[C@@H](CC(=O)O)C(=O)O
13779-4	E	N-Ac-L-Asp	DictMol	0	N-Ac-L-Asp	N-Ac-L-Asp	0	CC(=O)N[C@@H](CC(=O)O)C(=O)O
59251-9	E	B-alanine	DictMol	12	B-alanine	B-alanine	0	C(CN)C(=O)O
49866-7	E	Neuropeptide Y	DictMol	0	Neuropeptide Y	Neuropeptide Y	0	CC[C@H](C)[C@H](NC(=O)[C@H](CC1C=CC(O)=CC=1)NC(=O)[C@H](CC1=CN=CN1)NC(=O)[C@H](CCCNC(=N)N)NC(=O)[C@H](CC(C)C)NC(=O)[C@H](C)NC(=O)[C@H](CO)NC(=O)[C@H](CC1C=CC(O)=CC=1)NC(=O)[C@H](CC1C=CC(O)=CC=1)NC(=O)[C@H](CCCNC(=N)N)NC(=O)[C@H](C)NC(=O)[C@H](CC(C)C)NC(=O)[C@H](CC(=O)O)NC(=O)[C@H](CCC(=O)O)NC(=O)[C@H](C)NC(=O)[C@@H]1CCCN1C(=O)[C@H](C)NC(=O)[C@H](CC(=O)O)NC(=O)[C@H](CCC(=O)O)NC(=O)CNC(=O)[C@@H]1CCCN1C(=O)[C@H](CC(N)=O)NC(=O)[C@H](CC(=O)O)NC(=O)[C@@H]1CCCN1C(=O)[C@H](CCCCN)NC(=O)[C@H](CO)NC(=O)[C@@H]1CCCN1C(=O)[C@@H](N)CC1C=CC(O)=CC=1)C(=O)N[C@@H](CC(N)=O)C(=O)N[C@@H](CC(C)C)C(=O)N[C@H](C(=O)N[C@H](C(=O)N[C@@H](CCCNC(=N)N)C(=O)N[C@@H](CCC(N)=O)C(=O)N[C@@H](CCCNC(=N)N)C(=O)N[C@@H](CC1C=CC(O)=CC=1)C(N)=O)[C@@H](C)O)[C@@H](C)CC
10836-5	E	Niacin	DictMol	0	Niacin	Niacin	0	O=C(O)C1C=CC=NC=1
10836-5	E	Niacin	DictMol	0	Niacin	Niacin	0	O=C(O)C1C=CC=NC=1
10836-5	E	Niacin	DictMol	0	Niacin	Niacin	0	O=C(O)C1C=CC=NC=1
2661-7	E	Nitrogen	E	0	Nitrogen	Nitrogen	0	
2661-7	E	Nitrogen	E	0	Nitrogen	Nitrogen	0	
32548-0	E	Nitroprusside	DictMol	0	Nitroprusside	Nitroprusside	0	[C-]#N.[C-]#N.[C-]#N.[C-]#N.[C-]#N.[N-]=O.[Fe+4]
32548-0	E	Nitroprusside	DictMol	0	Nitroprusside	Nitroprusside	0	[C-]#N.[C-]#N.[C-]#N.[C-]#N.[C-]#N.[N-]=O.[Fe+4]
14167-1	E	MIAA	DictMol	2	MIAA	MIAA	0	CN1C=C(N=C1)CC(=O)O
14167-1	E	MIAA	DictMol	2	MIAA	MIAA	0	CN1C=C(N=C1)CC(=O)O
14167-1	E	MIAA	DictMol	2	MIAA	MIAA	0	CN1C=C(N=C1)CC(=O)O
35580-0	E	Methyl	A	2	Methyl	Methyl	0	
93877-9	E	C24:1 ceramide	DictMol	0	C24:1 ceramide	C24:1 ceramide	0	CCCCCCCCCCCCC/C=C/[C@H]([C@H](CO)NC(=O)CCCCCCCCCCCCC/C=C\CCCCCCCC)O
93877-9	E	C24 ceramide	DictMol	15	C24 ceramide	C24 ceramide	0	CCCCCCCCCCCCCCCCCCCCCCCC(=O)N[C@@H](CO)[C@@H](/C=C/CCCCCCCCCCCCC)O
93877-9	E	C24:1 ceramide	DictMol	0	C24:1 ceramide	C24:1 ceramide	0	CCCCCCCCCCCCC/C=C/[C@H]([C@H](CO)NC(=O)CCCCCCCCCCCCC/C=C\CCCCCCCC)O
93877-9	E	C24 ceramide	DictMol	15	C24 ceramide	C24 ceramide	0	CCCCCCCCCCCCCCCCCCCCCCCC(=O)N[C@@H](CO)[C@@H](/C=C/CCCCCCCCCCCCC)O
93879-5	E	C16 ceramide	DictMol	0	C16 ceramide	C16 ceramide	0	CCCCCCCCCCCCCCCC(=O)N[C@@H](CO)[C@@H](/C=C/CCCCCCCCCCCCC)O
93879-5	E	C24 ceramide	DictMol	13	C24 ceramide	C24 ceramide	0	CCCCCCCCCCCCCCCCCCCCCCCC(=O)N[C@@H](CO)[C@@H](/C=C/CCCCCCCCCCCCC)O
93878-7	E	C18 ceramide	DictMol	0	C18 ceramide	C18 ceramide	0	CCCCCCCCCCCCCCCCCC(=O)N[C@@H](CO)[C@@H](/C=C/CCCCCCCCCCCCC)O
93878-7	E	C24 ceramide	DictMol	13	C24 ceramide	C24 ceramide	0	CCCCCCCCCCCCCCCCCCCCCCCC(=O)N[C@@H](CO)[C@@H](/C=C/CCCCCCCCCCCCC)O
93878-7	E	C18 ceramide	DictMol	0	C18 ceramide	C18 ceramide	0	CCCCCCCCCCCCCCCCCC(=O)N[C@@H](CO)[C@@H](/C=C/CCCCCCCCCCCCC)O
93878-7	E	C24 ceramide	DictMol	13	C24 ceramide	C24 ceramide	0	CCCCCCCCCCCCCCCCCCCCCCCC(=O)N[C@@H](CO)[C@@H](/C=C/CCCCCCCCCCCCC)O
77362-2	E	MIAA	DictMol	6	MIAA	MIAA	0	CN1C=C(N=C1)CC(=O)O
33875-6	E	Oligosaccharide	G	0	Oligosaccharide	Oligosaccharide	0	
33875-6	E	Oligosaccharide	G	0	Oligosaccharide	Oligosaccharide	0	
91670-0	E	Orexin-A	DictMol	0	Orexin-A	Orexin-A	0	CC[C@H](C)[C@@H](C(=O)N[C@@H](CC(C)C)C(=O)N[C@@H]([C@@H](C)O)C(=O)N[C@@H](CC(C)C)C(=O)N)NC(=O)CNC(=O)[C@H](C)NC(=O)[C@H](C)NC(=O)[C@H](CC1=CN=CN1)NC(=O)[C@H](CC(=O)N)NC(=O)CNC(=O)[C@H](C)NC(=O)CNC(=O)[C@H](CC2=CN=CN2)NC(=O)[C@H](CC(C)C)NC(=O)[C@H](CC(C)C)NC(=O)[C@H](CCC(=O)O)NC(=O)[C@H](CC3=CC=C(C=C3)O)NC(=O)[C@H](CC(C)C)NC(=O)[C@H](CCCNC(=N)N)NC(=O)[C@@H]4CSSC[C@H]5C(=O)N[C@H](C(=O)N[C@H](C(=O)N[C@H](C(=O)N[C@H](C(=O)N[C@@H](CSSC[C@@H](C(=O)N5)NC(=O)[C@H](CC(=O)O)NC(=O)[C@@H]6CCCN6C(=O)[C@H](CC(C)C)NC(=O)[C@@H]7CCCN7C(=O)[C@@H]8CCC(=O)N8)C(=O)N[C@H](C(=O)N4)CO)[C@@H](C)O)CCCCN)CCC(=O)N)CCCNC(=N)N
102109-6	E	Glyox	DictMol	9	Glyox	Glyox	0	C(=O)C(=O)O
102109-6	E	Glyox	DictMol	9	Glyox	Glyox	0	C(=O)C(=O)O
102107-0	E	Glyox	DictMol	9	Glyox	Glyox	0	C(=O)C(=O)O
102107-0	E	Glyox	DictMol	9	Glyox	Glyox	0	C(=O)C(=O)O
102107-0	E	Glyox	DictMol	9	Glyox	Glyox	0	C(=O)C(=O)O
102107-0	E	Glyox	DictMol	9	Glyox	Glyox	0	C(=O)C(=O)O
102107-0	E	Glyox	DictMol	9	Glyox	Glyox	0	C(=O)C(=O)O
2718-5	E	Oxytocin	DictMol	0	Oxytocin	Oxytocin	0	CC[C@H](C)[C@H]1C(=O)N[C@H](C(=O)N[C@H](C(=O)N[C@@H](CSSC[C@@H](C(=O)N[C@H](C(=O)N1)CC1C=CC(=CC=1)O)N)C(=O)N1CCC[C@H]1C(=O)N[C@@H](CC(C)C)C(=O)NCC(=O)N)CC(=O)N)CCC(=O)N
2718-5	E	Oxytocin	DictMol	0	Oxytocin	Oxytocin	0	CC[C@H](C)[C@H]1C(=O)N[C@H](C(=O)N[C@H](C(=O)N[C@@H](CSSC[C@@H](C(=O)N[C@H](C(=O)N1)CC1C=CC(=CC=1)O)N)C(=O)N1CCC[C@H]1C(=O)N[C@@H](CC(C)C)C(=O)NCC(=O)N)CC(=O)N)CCC(=O)N
74440-9	E	Pemptoporphyrin	DictMol	0	Pemptoporphyrin	Pemptoporphyrin	0	CC1=CC2=CC3=C(C(=C(N3)C=C4C(=C(C(=N4)C=C5C(=C(C(=N5)C=C1N2)C)CCC(=O)O)CCC(=O)O)C)C=C)C
35128-8	E	Perforin	DictMol	0	Perforin	Perforine	0	CC(C)(CCC1(C(CCC2=C1N=C3C(=C2OC)C=CO3)O)OC)O
35128-8	E	Perforin	DictMol	0	Perforin	Perforine	0	CC(C)(CCC1(C(CCC2=C1N=C3C(=C2OC)C=CO3)O)OC)O
58793-1	E	Phytonadione	DictMol	0	Phytonadione	Phytonadione	0	CC1=C(C/C=C(\C)CCC[C@H](C)CCC[C@H](C)CCCC(C)C)C(=O)C2C=CC=CC=2C1=O
58793-1	E	Phytonadione	DictMol	0	Phytonadione	Phytonadione	0	CC1=C(C/C=C(\C)CCC[C@H](C)CCC[C@H](C)CCCC(C)C)C(=O)C2C=CC=CC=2C1=O
58793-1	E	Phytonadione	DictMol	0	Phytonadione	Phytonadione	0	CC1=C(C/C=C(\C)CCC[C@H](C)CCC[C@H](C)CCCC(C)C)C(=O)C2C=CC=CC=2C1=O
12814-0	E	Potassium	E	0	Potassium	Potassium	0	
12814-0	E	Potassium	E	0	Potassium	Potassium	0	
96291-0	E	Pregnenolone sulfate	DictMol	0	Pregnenolone sulfate	Pregnenolone sulfate	0	CC(=O)C1CCC2C3CC=C4CC(OS(=O)(=O)O)CCC4(C)C3CCC12C
96291-0	E	Pregnenolone sulfate	DictMol	0	Pregnenolone sulfate	Pregnenolone sulfate	0	CC(=O)C1CCC2C3CC=C4CC(OS(=O)(=O)O)CCC4(C)C3CCC12C
2850-6	E	PCCA	DictMol	0	PCCA	PCCA	0	CCCC1=CC2=C(C=C1)OC(=CC2=O)C(=O)O
14004-6	E	Prostaglandin	G	0	Prostaglandin	Prostaglandin	0	
12838-9	E	Prostaglandin D2	DictMol	0	Prostaglandin D2	Prostaglandin D2	0	CCCCC[C@H](O)/C=C/[C@H]1C(=O)C[C@H](O)[C@@H]1C/C=C\CCCC(=O)O
17493-8	E	Prostaglandin E	DictMol	0	Prostaglandin E	Prostaglandin E	0	CCCCC[C@@H](/C=C/[C@H]1[C@@H](CC(=O)[C@@H]1C/C=C\CCCC(=O)O)O)O
12837-1	E	Prostaglandin E1	DictMol	0	Prostaglandin E1	Prostaglandin E1	0	CCCCC[C@H](O)/C=C/[C@H]1[C@H](O)CC(=O)[C@@H]1CCCCCCC(=O)O
12837-1	E	Prostaglandin E1	DictMol	0	Prostaglandin E1	Prostaglandin E1	0	CCCCC[C@H](O)/C=C/[C@H]1[C@H](O)CC(=O)[C@@H]1CCCCCCC(=O)O
12836-3	E	Prostaglandin E2	DictMol	0	Prostaglandin E2	Prostaglandin E2	0	CCCCC[C@H](O)/C=C/[C@H]1[C@H](O)CC(=O)[C@@H]1C/C=C\CCCC(=O)O
12836-3	E	Prostaglandin E2	DictMol	0	Prostaglandin E2	Prostaglandin E2	0	CCCCC[C@H](O)/C=C/[C@H]1[C@H](O)CC(=O)[C@@H]1C/C=C\CCCC(=O)O
2854-8	E	Prostaglandin	G	0	Prostaglandin	Prostaglandin	0	
10583-3	E	Prostaglandin F1A	DictMol	0	Prostaglandin F1A	Prostaglandin F1A	0	CCCCC[C@@H](/C=C/[C@H]1[C@@H](C[C@@H]([C@@H]1CCCCCCC(=O)O)O)O)O
10583-3	E	Prostaglandin F1A	DictMol	0	Prostaglandin F1A	Prostaglandin F1A	0	CCCCC[C@@H](/C=C/[C@H]1[C@@H](C[C@@H]([C@@H]1CCCCCCC(=O)O)O)O)O
10583-3	E	Prostaglandin F1A	DictMol	0	Prostaglandin F1A	Prostaglandin F1A	0	CCCCC[C@@H](/C=C/[C@H]1[C@@H](C[C@@H]([C@@H]1CCCCCCC(=O)O)O)O)O
2860-5	E	Nitrogen	E	5	Nitrogen	Nitrogen	0	
93686-4	E	Psychosine	DictMol	0	Psychosine	Psychosine	0	CCCCCCCCCCCCC/C=C/[C@H]([C@H](CO[C@H]1[C@@H]([C@H]([C@H]([C@H](O1)CO)O)O)O)N)O
93686-4	E	Psychosine	DictMol	0	Psychosine	Psychosine	0	CCCCCCCCCCCCC/C=C/[C@H]([C@H](CO[C@H]1[C@@H]([C@H]([C@H]([C@H](O1)CO)O)O)O)N)O
93686-4	E	Psychosine	DictMol	0	Psychosine	Psychosine	0	CCCCCCCCCCCCC/C=C/[C@H]([C@H](CO[C@H]1[C@@H]([C@H]([C@H]([C@H](O1)CO)O)O)O)N)O
93686-4	E	Psychosine	DictMol	0	Psychosine	Psychosine	0	CCCCCCCCCCCCC/C=C/[C@H]([C@H](CO[C@H]1[C@@H]([C@H]([C@H]([C@H](O1)CO)O)O)O)N)O
93686-4	E	Psychosine	DictMol	0	Psychosine	Psychosine	0	CCCCCCCCCCCCC/C=C/[C@H]([C@H](CO[C@H]1[C@@H]([C@H]([C@H]([C@H](O1)CO)O)O)O)N)O
93686-4	E	Psychosine	DictMol	0	Psychosine	Psychosine	0	CCCCCCCCCCCCC/C=C/[C@H]([C@H](CO[C@H]1[C@@H]([C@H]([C@H]([C@H](O1)CO)O)O)O)N)O
2911-6	E	Lipoamide	DictMol	4	Lipoamide	Lipoamide	0	NC(=O)CCCCC1CCSS1
17525-7	E	Retinoate	DictMol	0	Retinoate	Retinoate	0	CC1=C(C(CCC1)(C)C)/C=C/C(=C/C=C/C(=C/C(=O)O)/C)/C
17525-7	E	Ester	G	10	Ester	Ester	0	
17525-7	E	Retinoate	DictMol	0	Retinoate	Retinoate	0	CC1=C(C(CCC1)(C)C)/C=C/C(=C/C=C/C(=C/C(=O)O)/C)/C
17525-7	E	Ester	G	10	Ester	Ester	0	
17525-7	E	Retinoate	DictMol	0	Retinoate	Retinoate	0	CC1=C(C(CCC1)(C)C)/C=C/C(=C/C=C/C(=C/C(=O)O)/C)/C
17525-7	E	Ester	G	10	Ester	Ester	0	
17525-7	E	Retinoate	DictMol	0	Retinoate	Retinoate	0	CC1=C(C(CCC1)(C)C)/C=C/C(=C/C=C/C(=C/C(=O)O)/C)/C
17525-7	E	Ester	G	10	Ester	Ester	0	
17525-7	E	Retinoate	DictMol	0	Retinoate	Retinoate	0	CC1=C(C(CCC1)(C)C)/C=C/C(=C/C=C/C(=C/C(=O)O)/C)/C
17525-7	E	Ester	G	10	Ester	Ester	0	
17525-7	E	Retinoate	DictMol	0	Retinoate	Retinoate	0	CC1=C(C(CCC1)(C)C)/C=C/C(=C/C=C/C(=C/C(=O)O)/C)/C
17525-7	E	Ester	G	10	Ester	Ester	0	
17526-5	E	Ester	G	6	Ester	Ester	0	
38496-6	E	Retinyl Palmitate	DictMol	0	Retinyl Palmitate	Retinyl Palmitate	0	CCCCCCCCCCCCCCCC(=O)OC/C=C(C)/C=C/C=C(C)/C=C/C1=C(C)CCCC1(C)C
38496-6	E	Retinyl Palmitate	DictMol	0	Retinyl Palmitate	Retinyl Palmitate	0	CCCCCCCCCCCCCCCC(=O)OC/C=C(C)/C=C/C=C(C)/C=C/C1=C(C)CCCC1(C)C
79580-7	E	BAIB	DictMol	7	BAIB	BAIB	0	CC(CN)C(=O)O
79580-7	E	L-ser	DictMol	19	L-ser	L-ser	0	C([C@@H](C(=O)O)N)O
79580-7	E	BAIB	DictMol	7	BAIB	BAIB	0	CC(CN)C(=O)O
79580-7	E	L-ser	DictMol	19	L-ser	L-ser	0	C([C@@H](C(=O)O)N)O
79580-7	E	BAIB	DictMol	7	BAIB	BAIB	0	CC(CN)C(=O)O
79580-7	E	L-ser	DictMol	19	L-ser	L-ser	0	C([C@@H](C(=O)O)N)O
14055-8	E	Sodium	E	0	Sodium	Sodium	0	
2952-0	E	Sodium	E	0	Sodium	Sodium	0	
51419-0	E	Sodium	E	0	Sodium	Sodium	0	
95850-4	E	Macimorelin	DictMol	9	Macimorelin	Macimorelin	0	CC(C)(N)C(=O)N[C@H](CC1=CNC2C=CC=CC1=2)C(=O)N[C@H](CC1=CNC2C=CC=CC1=2)NC=O
95849-6	E	Macimorelin	DictMol	9	Macimorelin	Macimorelin	0	CC(C)(N)C(=O)N[C@H](CC1=CNC2C=CC=CC1=2)C(=O)N[C@H](CC1=CNC2C=CC=CC1=2)NC=O
95848-8	E	Macimorelin	DictMol	9	Macimorelin	Macimorelin	0	CC(C)(N)C(=O)N[C@H](CC1=CNC2C=CC=CC1=2)C(=O)N[C@H](CC1=CNC2C=CC=CC1=2)NC=O
95847-0	E	Macimorelin	DictMol	9	Macimorelin	Macimorelin	0	CC(C)(N)C(=O)N[C@H](CC1=CNC2C=CC=CC1=2)C(=O)N[C@H](CC1=CNC2C=CC=CC1=2)NC=O
114470-8	E	SPMA	DictMol	0	SPMA	SPMA	0	CC(=O)N[C@@H](CSC1=CC=CC=C1)C(=O)O
74887-1	E	Stigmastanol	DictMol	0	Stigmastanol	Stigmastanol	0	CC[C@H](CC[C@@H](C)[C@H]1CC[C@H]2[C@@H]3CC[C@H]4C[C@@H](O)CC[C@]4(C)[C@H]3CC[C@]12C)C(C)C
74887-1	E	Stigmastanol	DictMol	0	Stigmastanol	Stigmastanol	0	CC[C@H](CC[C@@H](C)[C@H]1CC[C@H]2[C@@H]3CC[C@H]4C[C@@H](O)CC[C@]4(C)[C@H]3CC[C@]12C)C(C)C
74887-1	E	Stigmastanol	DictMol	0	Stigmastanol	Stigmastanol	0	CC[C@H](CC[C@@H](C)[C@H]1CC[C@H]2[C@@H]3CC[C@H]4C[C@@H](O)CC[C@]4(C)[C@H]3CC[C@]12C)C(C)C
13813-1	E	Succinylacetone	DictMol	0	Succinylacetone	Succinylacetone	0	CC(=O)CC(=O)CCC(=O)O
63553-2	E	SAICAR	DictMol	0	SAICAR	SAICAR	0	C1=NC(=C(N1[C@H]2[C@@H]([C@@H]([C@H](O2)COP(=O)(O)O)O)O)N)C(=O)N[C@@H](CC(=O)O)C(=O)O
74443-3	E	Sucrose	DictMol	0	Sucrose	Sucrose	0	OC[C@H]1O[C@@](CO)(O[C@H]2O[C@H](CO)[C@@H](O)[C@H](O)[C@H]2O)[C@@H](O)[C@@H]1O
93328-3	E	TCDCA	DictMol	0	TCDCA	TCDCA	0	C[C@H](CCC(=O)NCCS(=O)(=O)O)[C@H]1CC[C@@H]2[C@@]1(CC[C@H]3[C@H]2[C@@H](C[C@H]4[C@@]3(CC[C@H](C4)O)C)O)C
93326-7	E	TDCA	DictMol	0	TDCA	TDCA	0	C1C(NC(S1)C(=O)O)C(=O)O
93325-9	E	THDCA	DictMol	0	THDCA	THDCA	0	C[C@H](CCC(=O)NCCS(=O)(=O)O)[C@H]1CC[C@@H]2[C@@]1(CC[C@H]3[C@H]2C[C@@H]([C@H]4[C@@]3(CC[C@H](C4)O)C)O)C
93324-2	E	TLCA	DictMol	0	TLCA	TLCA	0	C[C@H](CCC(=O)NCCS(=O)(=O)O)[C@H]1CC[C@@H]2[C@@]1(CC[C@H]3[C@H]2CC[C@H]4[C@@]3(CC[C@H](C4)O)C)C
93323-4	E	TUDCA	DictMol	0	TUDCA	TUDCA	0	C[C@H](CCC(=O)NCCS(=O)(=O)O)[C@H]1CC[C@@H]2[C@@]1(CC[C@H]3[C@H]2[C@H](C[C@H]4[C@@]3(CC[C@H](C4)O)C)O)C
95569-0	E	corticosterone	DictMol	6	corticosterone	corticosterone	0	C[C@@]12C[C@H](O)[C@H]3[C@@H](CCC4=CC(=O)CC[C@]34C)[C@@H]2CC[C@@H]1C(=O)CO
33877-2	E	Biopterin	DictMol	0	Biopterin	Biopterin	0	C[C@H]([C@H](C1=CN=C2C(=N1)C(=O)NC(=N2)N)O)O
33877-2	E	Biopterin	DictMol	13	Biopterin	Biopterin	0	C[C@H]([C@H](C1=CN=C2C(=N1)C(=O)NC(=N2)N)O)O
33877-2	E	Biopterin	DictMol	0	Biopterin	Biopterin	0	C[C@H]([C@H](C1=CN=C2C(=N1)C(=O)NC(=N2)N)O)O
33877-2	E	Biopterin	DictMol	13	Biopterin	Biopterin	0	C[C@H]([C@H](C1=CN=C2C(=N1)C(=O)NC(=N2)N)O)O
33877-2	E	Biopterin	DictMol	0	Biopterin	Biopterin	0	C[C@H]([C@H](C1=CN=C2C(=N1)C(=O)NC(=N2)N)O)O
33877-2	E	Biopterin	DictMol	13	Biopterin	Biopterin	0	C[C@H]([C@H](C1=CN=C2C(=N1)C(=O)NC(=N2)N)O)O
33877-2	E	Biopterin	DictMol	0	Biopterin	Biopterin	0	C[C@H]([C@H](C1=CN=C2C(=N1)C(=O)NC(=N2)N)O)O
33877-2	E	Biopterin	DictMol	13	Biopterin	Biopterin	0	C[C@H]([C@H](C1=CN=C2C(=N1)C(=O)NC(=N2)N)O)O
33877-2	E	Biopterin	DictMol	0	Biopterin	Biopterin	0	C[C@H]([C@H](C1=CN=C2C(=N1)C(=O)NC(=N2)N)O)O
33877-2	E	Biopterin	DictMol	13	Biopterin	Biopterin	0	C[C@H]([C@H](C1=CN=C2C(=N1)C(=O)NC(=N2)N)O)O
49115-9	E	Vit B1	DictMol	0	Vit B1	Vit B1	0	CC1N=CC(C[N+]2=CSC(CCO)=C2C)=C(N)N=1.Cl.[Cl-]
3000-7	E	Vit B1	DictMol	0	Vit B1	Vit B1	0	CC1N=CC(C[N+]2=CSC(CCO)=C2C)=C(N)N=1.Cl.[Cl-]
3000-7	E	Vit B1	DictMol	0	Vit B1	Vit B1	0	CC1N=CC(C[N+]2=CSC(CCO)=C2C)=C(N)N=1.Cl.[Cl-]
3000-7	E	Vit B1	DictMol	0	Vit B1	Vit B1	0	CC1N=CC(C[N+]2=CSC(CCO)=C2C)=C(N)N=1.Cl.[Cl-]
3000-7	E	Vit B1	DictMol	0	Vit B1	Vit B1	0	CC1N=CC(C[N+]2=CSC(CCO)=C2C)=C(N)N=1.Cl.[Cl-]
3000-7	E	Vit B1	DictMol	0	Vit B1	Vit B1	0	CC1N=CC(C[N+]2=CSC(CCO)=C2C)=C(N)N=1.Cl.[Cl-]
91141-2	E	6-MMP	DictMol	23	6-MMP	6-MMP	0	CSC1=NC=NC2=C1NC=N2
91142-0	E	6-MMP	DictMol	20	6-MMP	6-MMP	0	CSC1=NC=NC2=C1NC=N2
91142-0	E	riboside	G	26	riboside	riboside	0	
91143-8	E	riboside	G	26	riboside	riboside	0	
3011-4	E	TXA2	DictMol	0	TXA2	TXA2	0	CCCCC[C@@H](/C=C/[C@@H]1[C@H]([C@@H]2C[C@@H](O2)O1)C/C=C\CCCC(=O)O)O
3011-4	E	TXA2	DictMol	0	TXA2	TXA2	0	CCCCC[C@@H](/C=C/[C@@H]1[C@H]([C@@H]2C[C@@H](O2)O1)C/C=C\CCCC(=O)O)O
69573-4	E	C5:1	G	12	C5:1	C5:1	0	
3044-5	E	Ester	G	10	Ester	Ester	0	
3045-2	E	Ester	G	10	Ester	Ester	0	
3046-0	E	Ester	G	10	Ester	Ester	0	
3047-8	E	Ester	G	11	Ester	Ester	0	
17748-5	E	Trimet	DictMol	0	Trimet	Trimet	0	CC(CO)(CO)CO
17748-5	E	amine	G	7	amine	amine	0	
90360-9	E	TMAO	DictMol	0	TMAO	TMAO	0	C[N+](C)(C)[O-]
34674-2	E	Tripeptide	G	0	Tripeptide	Tripeptide	0	
34674-2	E	Tripeptide	G	0	Tripeptide	Tripeptide	0	
34674-2	E	Tripeptide	G	0	Tripeptide	Tripeptide	0	
34674-2	E	Tripeptide	G	0	Tripeptide	Tripeptide	0	
34674-2	E	Tripeptide	G	0	Tripeptide	Tripeptide	0	
34674-2	E	Tripeptide	G	0	Tripeptide	Tripeptide	0	
34674-2	E	Tripeptide	G	0	Tripeptide	Tripeptide	0	
104604-4	E	Ubiquinone10	DictMol	0	Ubiquinone10	Ubiquinone10	0	COC1=C(OC)C(=O)C(C/C=C(\C)CC/C=C(\C)CC/C=C(\C)CC/C=C(\C)CC/C=C(\C)CC/C=C(\C)CC/C=C(\C)CC/C=C(\C)CC/C=C(\C)CCC=C(C)C)=C(C)C1=O
104604-4	E	Ubiquinone10	DictMol	0	Ubiquinone10	Ubiquinone10	0	COC1=C(OC)C(=O)C(C/C=C(\C)CC/C=C(\C)CC/C=C(\C)CC/C=C(\C)CC/C=C(\C)CC/C=C(\C)CC/C=C(\C)CC/C=C(\C)CC/C=C(\C)CCC=C(C)C)=C(C)C1=O
104604-4	E	Ubiquinone10	DictMol	0	Ubiquinone10	Ubiquinone10	0	COC1=C(OC)C(=O)C(C/C=C(\C)CC/C=C(\C)CC/C=C(\C)CC/C=C(\C)CC/C=C(\C)CC/C=C(\C)CC/C=C(\C)CC/C=C(\C)CC/C=C(\C)CCC=C(C)C)=C(C)C1=O
104604-4	E	Ubiquinone10	DictMol	0	Ubiquinone10	Ubiquinone10	0	COC1=C(OC)C(=O)C(C/C=C(\C)CC/C=C(\C)CC/C=C(\C)CC/C=C(\C)CC/C=C(\C)CC/C=C(\C)CC/C=C(\C)CC/C=C(\C)CC/C=C(\C)CCC=C(C)C)=C(C)C1=O
104604-4	E	Ubiquinone10	DictMol	0	Ubiquinone10	Ubiquinone10	0	COC1=C(OC)C(=O)C(C/C=C(\C)CC/C=C(\C)CC/C=C(\C)CC/C=C(\C)CC/C=C(\C)CC/C=C(\C)CC/C=C(\C)CC/C=C(\C)CC/C=C(\C)CCC=C(C)C)=C(C)C1=O
81156-2	E	Ubiquinone10	DictMol	0	Ubiquinone10	Ubiquinone10	0	COC1=C(OC)C(=O)C(C/C=C(\C)CC/C=C(\C)CC/C=C(\C)CC/C=C(\C)CC/C=C(\C)CC/C=C(\C)CC/C=C(\C)CC/C=C(\C)CC/C=C(\C)CCC=C(C)C)=C(C)C1=O
81156-2	E	Ubiquinone10	DictMol	17	Ubiquinone10	Ubiquinone10	0	COC1=C(OC)C(=O)C(C/C=C(\C)CC/C=C(\C)CC/C=C(\C)CC/C=C(\C)CC/C=C(\C)CC/C=C(\C)CC/C=C(\C)CC/C=C(\C)CC/C=C(\C)CCC=C(C)C)=C(C)C1=O
81156-2	E	Ubiquinone10	DictMol	0	Ubiquinone10	Ubiquinone10	0	COC1=C(OC)C(=O)C(C/C=C(\C)CC/C=C(\C)CC/C=C(\C)CC/C=C(\C)CC/C=C(\C)CC/C=C(\C)CC/C=C(\C)CC/C=C(\C)CC/C=C(\C)CCC=C(C)C)=C(C)C1=O
81156-2	E	Ubiquinone10	DictMol	17	Ubiquinone10	Ubiquinone10	0	COC1=C(OC)C(=O)C(C/C=C(\C)CC/C=C(\C)CC/C=C(\C)CC/C=C(\C)CC/C=C(\C)CC/C=C(\C)CC/C=C(\C)CC/C=C(\C)CC/C=C(\C)CCC=C(C)C)=C(C)C1=O
81156-2	E	Ubiquinone10	DictMol	0	Ubiquinone10	Ubiquinone10	0	COC1=C(OC)C(=O)C(C/C=C(\C)CC/C=C(\C)CC/C=C(\C)CC/C=C(\C)CC/C=C(\C)CC/C=C(\C)CC/C=C(\C)CC/C=C(\C)CC/C=C(\C)CCC=C(C)C)=C(C)C1=O
81156-2	E	Ubiquinone10	DictMol	17	Ubiquinone10	Ubiquinone10	0	COC1=C(OC)C(=O)C(C/C=C(\C)CC/C=C(\C)CC/C=C(\C)CC/C=C(\C)CC/C=C(\C)CC/C=C(\C)CC/C=C(\C)CC/C=C(\C)CC/C=C(\C)CCC=C(C)C)=C(C)C1=O
3110-4	E	Uronate	G	0	Uronate	Uronate	0	
3110-4	E	Uronate	G	0	Uronate	Uronate	0	
55159-8	E	Ursodeoxycholate	DictMol	0	Ursodeoxycholate	Ursodeoxycholate	0	C[C@H](CCC(=O)O)[C@H]1CC[C@H]2[C@@H]3[C@@H](O)C[C@@H]4C[C@H](O)CC[C@]4(C)[C@H]3CC[C@]12C
55159-8	E	Ursodeoxycholate	DictMol	0	Ursodeoxycholate	Ursodeoxycholate	0	C[C@H](CCC(=O)O)[C@H]1CC[C@H]2[C@@H]3[C@@H](O)C[C@@H]4C[C@H](O)CC[C@]4(C)[C@H]3CC[C@]12C
55159-8	E	Ursodeoxycholate	DictMol	0	Ursodeoxycholate	Ursodeoxycholate	0	C[C@H](CCC(=O)O)[C@H]1CC[C@H]2[C@@H]3[C@@H](O)C[C@@H]4C[C@H](O)CC[C@]4(C)[C@H]3CC[C@]12C
55159-8	E	Ursodeoxycholate	DictMol	0	Ursodeoxycholate	Ursodeoxycholate	0	C[C@H](CCC(=O)O)[C@H]1CC[C@H]2[C@@H]3[C@@H](O)C[C@@H]4C[C@H](O)CC[C@]4(C)[C@H]3CC[C@]12C
100839-0	E	Vitamin A	G	0	Vitamin A	Vitamin A	0	
100839-0	E	Retinol	DictMol	10	Retinol	Retinol	0	CC1=C(/C=C/C(C)=C/C=C/C(C)=C/CO)C(C)(C)CCC1
100839-0	E	Vitamin A	G	0	Vitamin A	Vitamin A	0	
100839-0	E	Retinol	DictMol	10	Retinol	Retinol	0	CC1=C(/C=C/C(C)=C/C=C/C(C)=C/CO)C(C)(C)CCC1
100839-0	E	Vitamin A	G	0	Vitamin A	Vitamin A	0	
100839-0	E	Retinol	DictMol	10	Retinol	Retinol	0	CC1=C(/C=C/C(C)=C/C=C/C(C)=C/CO)C(C)(C)CCC1
100839-0	E	Vitamin A	G	0	Vitamin A	Vitamin A	0	
100839-0	E	Retinol	DictMol	10	Retinol	Retinol	0	CC1=C(/C=C/C(C)=C/C=C/C(C)=C/CO)C(C)(C)CCC1
100839-0	E	Vitamin A	G	0	Vitamin A	Vitamin A	0	
100839-0	E	Retinol	DictMol	10	Retinol	Retinol	0	CC1=C(/C=C/C(C)=C/C=C/C(C)=C/CO)C(C)(C)CCC1
100839-0	E	Vitamin A	G	0	Vitamin A	Vitamin A	0	
100839-0	E	Retinol	DictMol	10	Retinol	Retinol	0	CC1=C(/C=C/C(C)=C/C=C/C(C)=C/CO)C(C)(C)CCC1
100839-0	E	Vitamin A	G	0	Vitamin A	Vitamin A	0	
100839-0	E	Retinol	DictMol	10	Retinol	Retinol	0	CC1=C(/C=C/C(C)=C/C=C/C(C)=C/CO)C(C)(C)CCC1
100839-0	E	Vitamin A	G	0	Vitamin A	Vitamin A	0	
100839-0	E	Retinol	DictMol	10	Retinol	Retinol	0	CC1=C(/C=C/C(C)=C/C=C/C(C)=C/CO)C(C)(C)CCC1
100839-0	E	Vitamin A	G	0	Vitamin A	Vitamin A	0	
100839-0	E	Retinol	DictMol	10	Retinol	Retinol	0	CC1=C(/C=C/C(C)=C/C=C/C(C)=C/CO)C(C)(C)CCC1
100839-0	E	Vitamin A	G	0	Vitamin A	Vitamin A	0	
100839-0	E	Retinol	DictMol	10	Retinol	Retinol	0	CC1=C(/C=C/C(C)=C/C=C/C(C)=C/CO)C(C)(C)CCC1
100839-0	E	Vitamin A	G	0	Vitamin A	Vitamin A	0	
100839-0	E	Retinol	DictMol	10	Retinol	Retinol	0	CC1=C(/C=C/C(C)=C/C=C/C(C)=C/CO)C(C)(C)CCC1
100839-0	E	Vitamin A	G	0	Vitamin A	Vitamin A	0	
100839-0	E	Retinol	DictMol	10	Retinol	Retinol	0	CC1=C(/C=C/C(C)=C/C=C/C(C)=C/CO)C(C)(C)CCC1
100839-0	E	Vitamin A	G	0	Vitamin A	Vitamin A	0	
100839-0	E	Retinol	DictMol	10	Retinol	Retinol	0	CC1=C(/C=C/C(C)=C/C=C/C(C)=C/CO)C(C)(C)CCC1
100839-0	E	Vitamin A	G	0	Vitamin A	Vitamin A	0	
100839-0	E	Retinol	DictMol	10	Retinol	Retinol	0	CC1=C(/C=C/C(C)=C/C=C/C(C)=C/CO)C(C)(C)CCC1
100839-0	E	Vitamin A	G	0	Vitamin A	Vitamin A	0	
100839-0	E	Retinol	DictMol	10	Retinol	Retinol	0	CC1=C(/C=C/C(C)=C/C=C/C(C)=C/CO)C(C)(C)CCC1
100839-0	E	Vitamin A	G	0	Vitamin A	Vitamin A	0	
100839-0	E	Retinol	DictMol	10	Retinol	Retinol	0	CC1=C(/C=C/C(C)=C/C=C/C(C)=C/CO)C(C)(C)CCC1
100839-0	E	Vitamin A	G	0	Vitamin A	Vitamin A	0	
100839-0	E	Retinol	DictMol	10	Retinol	Retinol	0	CC1=C(/C=C/C(C)=C/C=C/C(C)=C/CO)C(C)(C)CCC1
100839-0	E	Vitamin A	G	0	Vitamin A	Vitamin A	0	
100839-0	E	Retinol	DictMol	10	Retinol	Retinol	0	CC1=C(/C=C/C(C)=C/C=C/C(C)=C/CO)C(C)(C)CCC1
80183-7	E	Xanthopterin	DictMol	0	Xanthopterin	Xanthopterin	0	NC1=NC(=O)C2NC(=O)C=NC=2N1
80183-7	E	Xanthopterin	DictMol	0	Xanthopterin	Xanthopterin	0	NC1=NC(=O)C2NC(=O)C=NC=2N1
80183-7	E	Xanthopterin	DictMol	0	Xanthopterin	Xanthopterin	0	NC1=NC(=O)C2NC(=O)C=NC=2N1
